frame,f60,t,luma,contrast,rgb,cut,motion,dx,dy,hot_x,hot_y,hot_v,blue_a,blue_x,blue_y,blue_w,blue_h,blue_bx,blue_by,blue_br,red_a,red_x,red_y,red_w,red_h,red_bx,red_by,red_br,purple_a,purple_x,purple_y,purple_w,purple_h,purple_bx,purple_by,purple_br,white_a,white_x,white_y,white_w,white_h,white_bx,white_by,white_br,black_a,black_x,black_y,black_w,black_h,is_cut
0,0,0.0,0.4909,0.1063,"114,129,131",1.0,0.0,0.0,0.0,0.547,0.189,0.684,0.0011,0.125,0.429,0.028,0.025,0.088,0.427,0.033,0.0009,0.422,0.746,0.478,0.396,0.568,0.869,0.029,0.0026,0.256,0.632,0.451,0.401,0.104,0.486,0.044,0.0001,0.071,0.029,0.104,0.008,0.099,0.029,0.013,0.0001,-1.0,-1.0,0.0,0.0,1
1,2,0.0333,0.4911,0.1063,"114,129,131",0.0163,0.0017,0.0,-0.0,0.55,0.483,0.528,0.0012,0.145,0.431,0.106,0.028,0.088,0.427,0.033,0.0008,0.429,0.751,0.478,0.396,0.568,0.869,0.029,0.0027,0.254,0.63,0.45,0.403,0.104,0.486,0.044,0.0001,0.071,0.029,0.104,0.008,0.099,0.029,0.013,0.0001,-1.0,-1.0,0.0,0.0,0
2,4,0.0667,0.491,0.1063,"114,129,131",0.0157,0.2918,0.0,0.0,0.55,0.483,0.528,0.0012,0.134,0.429,0.028,0.024,0.088,0.427,0.033,0.0008,0.428,0.751,0.478,0.396,0.568,0.869,0.029,0.0027,0.253,0.629,0.45,0.404,0.104,0.486,0.044,0.0001,0.071,0.029,0.104,0.008,0.099,0.029,0.013,0.0001,-1.0,-1.0,0.0,0.0,0
3,6,0.1,0.491,0.1063,"114,129,131",0.01,0.2919,-0.0,-0.0002,0.55,0.483,0.528,0.0012,0.139,0.43,0.029,0.028,0.088,0.427,0.033,0.0008,0.428,0.751,0.478,0.396,0.568,0.869,0.029,0.0027,0.254,0.63,0.45,0.404,0.104,0.486,0.044,0.0001,0.071,0.029,0.104,0.008,0.099,0.029,0.013,0.0001,-1.0,-1.0,0.0,0.0,0
4,8,0.1333,0.4062,0.1863,"90,107,115",0.3276,0.3109,,,0.359,0.439,0.466,0.0014,0.136,0.474,0.028,0.033,0.136,0.473,0.037,0.0018,0.424,0.515,0.423,0.506,0.518,0.395,0.035,0.0023,0.308,0.662,0.416,0.372,0.147,0.546,0.042,0.0004,0.34,0.106,0.506,0.123,0.419,0.137,0.02,0.0261,0.54,0.693,0.284,0.289,0
5,10,0.1667,0.3997,0.1915,"89,106,114",0.1019,0.2698,-0.0124,-0.0082,0.309,0.528,0.444,0.0014,0.139,0.46,0.028,0.039,0.137,0.461,0.036,0.0015,0.377,0.517,0.386,0.342,0.506,0.412,0.032,0.0024,0.301,0.667,0.416,0.428,0.144,0.535,0.043,0.0014,0.437,0.119,0.253,0.044,0.513,0.132,0.024,0.0267,0.534,0.686,0.294,0.306,0
6,12,0.2,0.3929,0.1948,"87,104,112",0.098,0.2685,-0.0103,-0.0093,0.703,0.5,0.433,0.0014,0.141,0.443,0.028,0.039,0.139,0.444,0.037,0.0009,0.292,0.486,0.359,0.139,0.153,0.53,0.029,0.0024,0.302,0.654,0.412,0.502,0.144,0.516,0.043,0.0009,0.371,0.103,0.432,0.1,0.541,0.112,0.023,0.0289,0.53,0.675,0.3,0.317,0
7,14,0.2333,0.3894,0.1964,"86,103,112",0.046,0.2667,-0.0048,-0.011,0.7,0.506,0.436,0.0013,0.141,0.426,0.028,0.039,0.141,0.425,0.036,0.0006,0.214,0.492,0.356,0.124,0.152,0.512,0.028,0.0022,0.282,0.587,0.403,0.544,0.147,0.501,0.043,0.0022,0.431,0.093,0.233,0.05,0.427,0.095,0.039,0.0302,0.514,0.659,0.303,0.339,0
8,16,0.2667,0.3883,0.1958,"86,103,111",0.0427,0.2681,0.003,-0.0181,0.694,0.517,0.442,0.0013,0.147,0.404,0.028,0.039,0.145,0.405,0.035,0.0008,0.254,0.469,0.357,0.11,0.153,0.495,0.03,0.0018,0.229,0.506,0.353,0.094,0.152,0.479,0.044,0.0011,0.387,0.083,0.317,0.064,0.537,0.087,0.024,0.0309,0.501,0.641,0.316,0.339,0
9,18,0.3,0.3889,0.1945,"86,103,112",0.062,0.273,0.0051,-0.0212,0.688,0.55,0.446,0.0012,0.152,0.381,0.025,0.033,0.152,0.379,0.035,0.0006,0.231,0.449,0.362,0.114,0.163,0.466,0.031,0.0019,0.224,0.416,0.344,0.177,0.151,0.45,0.041,0.0017,0.415,0.063,0.202,0.041,0.543,0.062,0.032,0.0289,0.482,0.612,0.319,0.35,0
10,20,0.3333,0.3901,0.1921,"86,103,113",0.0606,0.2714,0.0062,-0.0176,0.684,0.572,0.441,0.0012,0.16,0.364,0.025,0.039,0.158,0.366,0.035,0.0004,0.194,0.444,0.033,0.062,0.161,0.452,0.027,0.0017,0.214,0.409,0.272,0.189,0.154,0.438,0.04,0.002,0.443,0.058,0.216,0.039,0.546,0.064,0.04,0.028,0.47,0.586,0.325,0.367,0
11,22,0.3667,0.3934,0.1889,"86,104,114",0.0689,0.2755,0.013,-0.0201,0.678,0.617,0.427,0.0012,0.171,0.355,0.028,0.039,0.169,0.356,0.035,0.0004,0.242,0.421,0.376,0.11,0.166,0.448,0.024,0.0019,0.213,0.399,0.251,0.085,0.166,0.426,0.044,0.0018,0.429,0.058,0.208,0.042,0.426,0.062,0.049,0.0266,0.464,0.571,0.331,0.372,0
12,24,0.4,0.3964,0.1858,"86,105,116",0.0609,0.2729,0.0053,-0.0075,0.347,0.578,0.45,0.0011,0.18,0.356,0.027,0.036,0.177,0.358,0.034,0.0004,0.219,0.423,0.214,0.091,0.172,0.441,0.027,0.0016,0.217,0.4,0.247,0.098,0.168,0.425,0.042,0.0012,0.443,0.071,0.274,0.049,0.431,0.076,0.031,0.0248,0.478,0.569,0.316,0.333,0
13,26,0.4333,0.4004,0.182,"86,106,119",0.0859,0.2746,0.0105,-0.0105,0.35,0.55,0.477,0.0011,0.193,0.37,0.028,0.039,0.187,0.374,0.034,0.0003,0.234,0.441,0.309,0.107,0.179,0.456,0.023,0.002,0.228,0.409,0.293,0.122,0.177,0.439,0.046,0.0012,0.458,0.093,0.27,0.051,0.476,0.101,0.024,0.0195,0.509,0.589,0.219,0.347,0
14,28,0.4667,0.4032,0.1801,"86,107,121",0.0686,0.2737,0.0005,0.0579,0.369,0.511,0.48,0.001,0.202,0.389,0.028,0.044,0.193,0.398,0.034,0.0002,0.246,0.463,0.338,0.113,0.181,0.482,0.019,0.002,0.23,0.424,0.308,0.147,0.18,0.464,0.045,0.0004,0.397,0.088,0.548,0.098,0.472,0.111,0.016,0.0203,0.501,0.582,0.231,0.389,0
15,30,0.5,0.4049,0.1803,"85,108,124",0.074,0.2768,0.003,0.0407,0.372,0.556,0.488,0.0009,0.196,0.439,0.025,0.022,0.196,0.436,0.032,0.0003,0.261,0.487,0.384,0.14,0.181,0.518,0.02,0.0018,0.186,0.47,0.196,0.15,0.181,0.5,0.044,0.0003,0.358,0.099,0.579,0.117,0.602,0.139,0.016,0.0278,0.48,0.537,0.275,0.428,0
16,32,0.5333,0.4112,0.1779,"85,110,129",0.1216,0.2875,0.0093,0.0776,0.4,0.5,0.49,0.0009,0.188,0.555,0.025,0.039,0.188,0.552,0.033,0.0004,0.222,0.606,0.338,0.189,0.168,0.631,0.024,0.0019,0.183,0.602,0.047,0.057,0.171,0.616,0.048,0.0003,0.365,0.154,0.553,0.207,0.472,0.222,0.014,0.0294,0.48,0.532,0.244,0.489,0
17,34,0.5667,0.4105,0.1768,"83,110,132",0.0902,0.2777,0.0011,0.0661,0.388,0.5,0.554,0.0011,0.175,0.662,0.028,0.028,0.176,0.659,0.035,0.0005,0.233,0.699,0.356,0.27,0.152,0.75,0.026,0.0019,0.174,0.719,0.039,0.052,0.153,0.733,0.047,0.0002,0.23,0.12,0.584,0.271,0.099,0.029,0.013,0.0298,0.5,0.595,0.231,0.511,0
18,36,0.6,0.4071,0.1705,"79,110,136",0.1407,0.2662,,,0.362,0.522,0.557,0.0014,0.151,0.849,0.028,0.05,0.151,0.846,0.039,0.0007,0.222,0.89,0.466,0.356,0.15,0.934,0.023,0.0023,0.156,0.905,0.044,0.083,0.122,0.936,0.05,0.0001,0.137,0.085,0.288,0.161,0.099,0.029,0.013,0.0273,0.572,0.761,0.225,0.5,0
19,38,0.6333,0.4095,0.166,"78,110,138",0.0577,0.2562,0.0091,0.0359,0.359,0.544,0.55,0.0014,0.144,0.9,0.028,0.056,0.145,0.897,0.04,0.0006,0.307,0.861,0.469,0.339,0.14,0.986,0.021,0.0015,0.175,0.927,0.313,0.329,0.125,0.966,0.039,0.0007,0.495,0.368,0.544,0.417,0.526,0.427,0.026,0.023,0.591,0.788,0.225,0.456,0
20,40,0.6667,0.7467,0.2057,"165,196,224",0.7979,0.5831,0.0148,0.0338,0.428,0.494,0.953,0.2683,0.35,0.484,0.909,0.811,0.18,0.512,0.365,0.0,-1.0,-1.0,0.0,0.0,-1.0,-1.0,0.0,0.0001,0.63,0.698,0.003,0.013,0.63,0.698,0.015,0.2307,0.551,0.443,0.488,0.444,0.512,0.445,0.36,0.0,-1.0,-1.0,0.0,0.0,1
21,42,0.7,0.6773,0.18,"145,177,219",0.3467,0.3871,0.011,0.03,0.428,0.483,0.915,0.3505,0.638,0.359,0.775,0.728,0.724,0.35,0.43,0.0,-1.0,-1.0,0.0,0.0,-1.0,-1.0,0.0,0.0004,0.11,0.989,0.044,0.011,0.105,0.987,0.021,0.1196,0.451,0.478,0.647,0.672,0.337,0.475,0.167,0.0,-1.0,-1.0,0.0,0.0,0
22,44,0.7333,0.6367,0.187,"135,167,207",0.2282,0.3743,,,0.412,0.45,0.865,0.248,0.486,0.467,0.869,0.756,0.731,0.401,0.288,0.0,-1.0,-1.0,0.0,0.0,-1.0,-1.0,0.0,0.0007,0.102,0.97,0.062,0.017,0.088,0.983,0.024,0.0759,0.537,0.414,0.8,0.694,0.865,0.201,0.113,0.0,-1.0,-1.0,0.0,0.0,0
23,46,0.7667,0.6533,0.1744,"140,170,213",0.1953,0.4075,,,0.516,0.4,0.844,0.3144,0.577,0.448,0.669,0.756,0.749,0.474,0.373,0.0,-1.0,-1.0,0.0,0.0,-1.0,-1.0,0.0,0.0013,0.174,0.901,0.616,0.267,0.016,0.969,0.032,0.0891,0.408,0.534,0.753,0.628,0.555,0.361,0.116,0.0,-1.0,-1.0,0.0,0.0,0
24,48,0.8,0.6094,0.1732,"131,158,201",0.262,0.3666,,,0.528,0.467,0.884,0.3052,0.439,0.433,0.484,0.811,0.418,0.421,0.448,0.0,-1.0,-1.0,0.0,0.0,-1.0,-1.0,0.0,0.0004,0.6,0.662,0.012,0.022,0.599,0.663,0.023,0.0433,0.483,0.459,0.403,0.522,0.561,0.415,0.148,0.0016,0.651,0.964,0.05,0.104,0
25,50,0.8333,0.5659,0.16,"116,147,203",0.2593,0.3696,,,0.456,0.417,0.764,0.416,0.488,0.42,0.566,0.705,0.502,0.432,0.533,0.0,-1.0,-1.0,0.0,0.0,-1.0,-1.0,0.0,0.0,-1.0,-1.0,0.0,0.0,-1.0,-1.0,0.0,0.0094,0.402,0.34,0.391,0.528,0.453,0.279,0.069,0.0,-1.0,-1.0,0.0,0.0,0
26,52,0.8667,0.5652,0.1598,"117,147,196",0.0984,0.3657,-0.0021,-0.0408,0.441,0.4,0.78,0.3329,0.438,0.417,0.49,0.678,0.429,0.429,0.48,0.0,-1.0,-1.0,0.0,0.0,-1.0,-1.0,0.0,0.0,-1.0,-1.0,0.0,0.0,-1.0,-1.0,0.0,0.0081,0.445,0.288,0.182,0.194,0.479,0.24,0.074,0.0,-1.0,-1.0,0.0,0.0,0
27,54,0.9,0.5517,0.1591,"118,143,185",0.1998,0.367,-0.0193,-0.0769,0.372,0.444,0.785,0.2438,0.386,0.396,0.444,0.6,0.391,0.386,0.42,0.0,-1.0,-1.0,0.0,0.0,-1.0,-1.0,0.0,0.0,-1.0,-1.0,0.0,0.0,-1.0,-1.0,0.0,0.0045,0.392,0.376,0.101,0.206,0.375,0.424,0.044,0.0,-1.0,-1.0,0.0,0.0,0
28,56,0.9333,0.5326,0.1648,"116,138,172",0.154,0.3481,-0.002,-0.0444,0.366,0.406,0.759,0.1706,0.411,0.353,0.359,0.594,0.409,0.363,0.367,0.0,-1.0,-1.0,0.0,0.0,-1.0,-1.0,0.0,0.0001,-1.0,-1.0,0.0,0.0,0.478,0.448,0.014,0.0075,0.367,0.352,0.112,0.228,0.351,0.421,0.063,0.0,-1.0,-1.0,0.0,0.0,0
29,58,0.9667,0.5312,0.1648,"119,137,166",0.1143,0.3487,0.0026,-0.0364,0.503,0.517,0.767,0.1309,0.42,0.345,0.297,0.611,0.426,0.327,0.309,0.0,-1.0,-1.0,0.0,0.0,-1.0,-1.0,0.0,0.0,-1.0,-1.0,0.0,0.0,0.478,0.422,0.009,0.0099,0.376,0.312,0.151,0.333,0.404,0.157,0.045,0.0004,0.599,0.624,0.009,0.044,0
30,60,1.0,0.5156,0.1638,"115,133,162",0.1002,0.3382,0.0002,-0.0024,0.541,0.383,0.664,0.1318,0.418,0.334,0.3,0.611,0.417,0.308,0.313,0.0,-1.0,-1.0,0.0,0.0,-1.0,-1.0,0.0,0.0,-1.0,-1.0,0.0,0.0,-1.0,-1.0,0.0,0.0039,0.373,0.23,0.146,0.444,0.302,0.147,0.033,0.0024,0.587,0.615,0.041,0.051,0
31,62,1.0333,0.5092,0.1707,"114,131,159",0.0693,0.3338,0.0013,-0.0023,0.35,0.361,0.668,0.1148,0.437,0.295,0.331,0.55,0.42,0.271,0.294,0.0,-1.0,-1.0,0.0,0.0,-1.0,-1.0,0.0,0.0,-1.0,-1.0,0.0,0.0,0.556,0.394,0.009,0.0087,0.397,0.226,0.181,0.193,0.41,0.213,0.066,0.0033,0.589,0.609,0.047,0.056,0
32,64,1.0667,0.4952,0.1711,"110,128,155",0.0798,0.3186,0.0008,0.0031,0.356,0.383,0.686,0.1151,0.447,0.258,0.338,0.494,0.429,0.232,0.286,0.0,-1.0,-1.0,0.0,0.0,-1.0,-1.0,0.0,0.0,-1.0,-1.0,0.0,0.0,0.556,0.394,0.009,0.0072,0.413,0.213,0.158,0.133,0.48,0.143,0.051,0.0044,0.587,0.603,0.056,0.067,0
33,66,1.1,0.5004,0.1838,"112,129,155",0.0899,0.3259,0.0014,0.004,0.366,0.444,0.755,0.0972,0.445,0.269,0.356,0.539,0.428,0.238,0.265,0.0,-1.0,-1.0,0.0,0.0,-1.0,-1.0,0.0,0.0001,0.499,0.407,0.079,0.022,0.476,0.412,0.014,0.0241,0.387,0.218,0.2,0.172,0.377,0.2,0.129,0.0063,0.588,0.602,0.072,0.078,0
34,68,1.1333,0.4773,0.1844,"105,124,149",0.1134,0.3121,0.0032,0.0076,0.366,0.533,0.628,0.1067,0.421,0.296,0.309,0.511,0.416,0.252,0.274,0.0,-1.0,-1.0,0.0,0.0,-1.0,-1.0,0.0,0.0001,-1.0,-1.0,0.0,0.0,0.479,0.416,0.013,0.0138,0.383,0.133,0.203,0.161,0.386,0.108,0.099,0.0093,0.587,0.596,0.078,0.117,0
35,70,1.1667,0.4904,0.1901,"110,127,152",0.1124,0.3298,0.0036,0.007,0.372,0.533,0.682,0.0964,0.44,0.276,0.356,0.483,0.347,0.307,0.213,0.0,-1.0,-1.0,0.0,0.0,-1.0,-1.0,0.0,0.0001,0.482,0.422,0.006,0.011,0.482,0.422,0.015,0.017,0.408,0.153,0.197,0.228,0.415,0.101,0.1,0.009,0.595,0.598,0.078,0.113,0
36,72,1.2,0.4665,0.1796,"102,121,148",0.1512,0.3044,0.0036,0.0079,0.378,0.539,0.639,0.1124,0.414,0.272,0.294,0.483,0.408,0.252,0.28,0.0,-1.0,-1.0,0.0,0.0,-1.0,-1.0,0.0,0.0001,0.484,0.424,0.007,0.013,0.484,0.424,0.017,0.0075,0.459,0.144,0.131,0.25,0.469,0.071,0.064,0.0102,0.6,0.602,0.081,0.128,0
37,74,1.2333,0.4652,0.1802,"101,121,149",0.0622,0.3125,0.0029,0.0059,0.381,0.539,0.603,0.1243,0.411,0.281,0.306,0.511,0.406,0.265,0.294,0.0,-1.0,-1.0,0.0,0.0,-1.0,-1.0,0.0,0.0003,0.485,0.427,0.012,0.019,0.485,0.426,0.021,0.0064,0.454,0.18,0.188,0.267,0.503,0.176,0.045,0.0105,0.614,0.59,0.088,0.128,0
38,76,1.2667,0.4596,0.1796,"99,119,150",0.0889,0.3142,0.0063,0.0103,0.391,0.422,0.619,0.1325,0.411,0.288,0.288,0.517,0.409,0.274,0.303,0.0,-1.0,-1.0,0.0,0.0,-1.0,-1.0,0.0,0.0003,0.497,0.437,0.013,0.023,0.493,0.436,0.021,0.006,0.46,0.262,0.153,0.189,0.419,0.261,0.056,0.0086,0.639,0.585,0.066,0.144,0
39,78,1.3,0.4699,0.1841,"103,121,153",0.108,0.3241,0.0044,0.0043,0.403,0.472,0.777,0.1425,0.406,0.285,0.331,0.556,0.393,0.273,0.313,0.0,-1.0,-1.0,0.0,0.0,-1.0,-1.0,0.0,0.0003,0.503,0.441,0.013,0.028,0.499,0.441,0.021,0.0065,0.42,0.323,0.132,0.331,0.385,0.411,0.054,0.005,0.658,0.561,0.063,0.089,0
40,80,1.3333,0.4867,0.1918,"109,125,155",0.1284,0.3304,0.0045,-0.0008,0.384,0.411,0.829,0.1134,0.412,0.312,0.341,0.594,0.411,0.294,0.287,0.0,-1.0,-1.0,0.0,0.0,-1.0,-1.0,0.0,0.0003,0.507,0.443,0.012,0.019,0.507,0.443,0.021,0.0265,0.423,0.295,0.138,0.217,0.42,0.301,0.137,0.0035,0.678,0.536,0.076,0.078,0
41,82,1.3667,0.4657,0.1895,"102,120,149",0.1437,0.3167,0.0045,-0.0026,0.45,0.517,0.9,0.108,0.405,0.281,0.278,0.617,0.404,0.207,0.247,0.0,-1.0,-1.0,0.0,0.0,-1.0,-1.0,0.0,0.0001,-1.0,-1.0,0.0,0.0,0.495,0.416,0.013,0.0161,0.441,0.385,0.188,0.323,0.418,0.486,0.091,0.004,0.688,0.498,0.097,0.179,0
42,84,1.4,0.4719,0.1914,"105,122,149",0.1027,0.321,0.0047,-0.0033,0.478,0.539,0.87,0.1016,0.409,0.293,0.278,0.634,0.414,0.282,0.27,0.0,-1.0,-1.0,0.0,0.0,-1.0,-1.0,0.0,0.0005,0.526,0.436,0.025,0.03,0.512,0.436,0.026,0.0213,0.42,0.292,0.191,0.428,0.426,0.201,0.116,0.0067,0.721,0.502,0.069,0.2,0
43,86,1.4333,0.4579,0.1918,"101,118,146",0.0938,0.3097,0.0024,0.0014,0.481,0.55,0.71,0.102,0.399,0.335,0.278,0.572,0.414,0.306,0.271,0.0,-1.0,-1.0,0.0,0.0,-1.0,-1.0,0.0,0.0006,0.513,0.433,0.022,0.033,0.514,0.433,0.029,0.0184,0.42,0.202,0.175,0.456,0.409,0.064,0.084,0.0098,0.733,0.493,0.08,0.2,0
44,88,1.4667,0.459,0.1948,"102,119,145",0.0747,0.3119,0.0043,-0.0071,0.362,0.45,0.832,0.1046,0.398,0.303,0.322,0.622,0.411,0.288,0.273,0.0,-1.0,-1.0,0.0,0.0,-1.0,-1.0,0.0,0.0005,0.511,0.43,0.025,0.033,0.512,0.43,0.028,0.0227,0.412,0.271,0.206,0.444,0.375,0.389,0.104,0.011,0.732,0.48,0.084,0.2,0
45,90,1.5,0.4576,0.1946,"101,119,144",0.0779,0.3068,0.0028,-0.0048,0.419,0.511,0.865,0.1016,0.371,0.314,0.262,0.539,0.379,0.299,0.268,0.0,-1.0,-1.0,0.0,0.0,-1.0,-1.0,0.0,0.0005,0.512,0.428,0.022,0.029,0.512,0.428,0.027,0.0213,0.385,0.344,0.197,0.422,0.367,0.503,0.079,0.0136,0.732,0.455,0.072,0.206,0
46,92,1.5333,0.4828,0.1996,"109,124,151",0.198,0.3247,-0.0071,-0.0074,0.366,0.544,0.848,0.1131,0.347,0.327,0.317,0.606,0.362,0.234,0.263,0.0,-1.0,-1.0,0.0,0.0,-1.0,-1.0,0.0,0.0005,0.537,0.416,0.023,0.036,0.505,0.424,0.026,0.0263,0.366,0.386,0.169,0.278,0.379,0.37,0.093,0.0134,0.715,0.448,0.072,0.194,0
47,94,1.5667,0.4677,0.1909,"105,120,148",0.1064,0.3011,-0.0113,-0.0093,0.372,0.467,0.847,0.1175,0.35,0.319,0.266,0.528,0.352,0.279,0.279,0.0001,0.004,0.836,0.008,0.006,0.006,0.836,0.014,0.0004,0.497,0.449,0.018,0.027,0.5,0.426,0.022,0.0185,0.369,0.411,0.139,0.239,0.367,0.441,0.115,0.0103,0.689,0.465,0.072,0.149,0
48,96,1.6,0.4556,0.1832,"101,117,145",0.1356,0.3025,-0.0143,-0.0139,0.391,0.472,0.799,0.1089,0.348,0.406,0.259,0.533,0.355,0.362,0.271,0.0013,0.029,0.894,0.04,0.077,0.024,0.902,0.041,0.0014,0.051,0.855,0.041,0.078,0.018,0.897,0.045,0.0116,0.369,0.382,0.156,0.408,0.334,0.494,0.062,0.0069,0.622,0.474,0.123,0.242,0
49,98,1.6333,0.4704,0.1889,"106,121,145",0.1239,0.3089,-0.0096,0.0025,0.45,0.483,0.886,0.0745,0.324,0.407,0.309,0.6,0.335,0.294,0.181,0.001,0.056,0.902,0.032,0.072,0.057,0.914,0.036,0.0022,0.049,0.893,0.045,0.072,0.049,0.9,0.059,0.0251,0.393,0.419,0.125,0.228,0.391,0.439,0.127,0.0044,0.575,0.478,0.116,0.261,0
50,100,1.6667,0.4526,0.1733,"101,117,140",0.1287,0.301,0.0023,0.0011,0.381,0.539,0.741,0.082,0.345,0.439,0.253,0.514,0.357,0.403,0.237,0.0009,0.091,0.912,0.037,0.077,0.091,0.921,0.035,0.002,0.076,0.909,0.036,0.058,0.077,0.913,0.053,0.0034,0.367,0.364,0.209,0.456,0.335,0.362,0.025,0.0175,0.456,0.333,0.247,0.317,0
51,102,1.7,0.4413,0.1745,"98,115,135",0.0914,0.2921,-0.0054,0.0075,0.375,0.5,0.64,0.0701,0.377,0.435,0.258,0.428,0.371,0.413,0.213,0.0009,0.116,0.917,0.022,0.067,0.114,0.925,0.036,0.0019,0.103,0.916,0.044,0.062,0.103,0.92,0.051,0.0009,0.392,0.161,0.464,0.356,0.583,0.112,0.023,0.0328,0.448,0.322,0.244,0.29,0
52,104,1.7333,0.4313,0.185,"96,112,134",0.0939,0.2918,-0.0044,0.0145,0.331,0.45,0.653,0.0798,0.46,0.417,0.378,0.461,0.335,0.433,0.167,0.0007,0.147,0.926,0.022,0.066,0.146,0.935,0.033,0.0018,0.135,0.922,0.038,0.066,0.138,0.921,0.053,0.0028,0.55,0.292,0.332,0.34,0.656,0.38,0.035,0.038,0.391,0.281,0.238,0.4,0
53,106,1.7667,0.4318,0.1891,"96,112,134",0.0803,0.2866,-0.0008,0.0086,0.338,0.467,0.703,0.0893,0.471,0.41,0.397,0.506,0.486,0.385,0.249,0.0006,0.164,0.93,0.021,0.071,0.163,0.938,0.032,0.0018,0.153,0.926,0.034,0.06,0.156,0.925,0.051,0.0028,0.51,0.294,0.294,0.349,0.624,0.437,0.035,0.0438,0.357,0.243,0.262,0.428,0
54,108,1.8,0.4364,0.1887,"97,113,137",0.0897,0.2895,-0.0039,0.0064,0.312,0.511,0.636,0.0969,0.49,0.403,0.422,0.494,0.515,0.379,0.266,0.0004,0.18,0.936,0.014,0.06,0.178,0.944,0.028,0.002,0.171,0.932,0.037,0.056,0.173,0.93,0.052,0.0018,0.539,0.278,0.3,0.339,0.569,0.134,0.029,0.0353,0.368,0.303,0.303,0.528,0
55,110,1.8333,0.4358,0.1913,"96,113,136",0.0725,0.2843,0.0023,0.0057,0.622,0.361,0.766,0.0864,0.481,0.427,0.425,0.539,0.665,0.376,0.168,0.0005,0.192,0.931,0.026,0.078,0.188,0.943,0.028,0.0018,0.18,0.936,0.033,0.056,0.181,0.936,0.05,0.0067,0.592,0.3,0.212,0.269,0.624,0.344,0.063,0.0295,0.414,0.414,0.2,0.589,0
56,112,1.8667,0.438,0.1895,"97,114,137",0.0757,0.2895,0.0005,0.0006,0.597,0.35,0.73,0.0805,0.467,0.438,0.494,0.672,0.304,0.505,0.172,0.0005,0.195,0.943,0.017,0.067,0.194,0.949,0.029,0.0018,0.185,0.937,0.034,0.056,0.187,0.936,0.05,0.0085,0.59,0.269,0.194,0.25,0.619,0.326,0.068,0.0231,0.487,0.615,0.084,0.189,0
57,114,1.9,0.4369,0.1833,"96,114,136",0.1,0.2931,-0.0102,0.0011,0.631,0.333,0.675,0.0835,0.445,0.431,0.534,0.622,0.298,0.51,0.191,0.0004,0.181,0.945,0.014,0.074,0.181,0.954,0.028,0.0021,0.196,0.902,0.044,0.083,0.172,0.942,0.052,0.0047,0.549,0.223,0.301,0.294,0.634,0.337,0.046,0.0244,0.542,0.691,0.109,0.178,0
58,116,1.9333,0.4313,0.1781,"95,113,133",0.1017,0.2866,0.0063,-0.0154,0.659,0.339,0.571,0.0743,0.412,0.447,0.575,0.589,0.29,0.496,0.196,0.0006,0.15,0.956,0.028,0.082,0.148,0.966,0.032,0.0021,0.18,0.88,0.331,0.517,0.138,0.953,0.047,0.0035,0.488,0.08,0.259,0.056,0.475,0.047,0.043,0.0245,0.541,0.687,0.128,0.194,0
59,118,1.9667,0.4353,0.1812,"97,113,131",0.1176,0.3004,,,0.409,0.517,0.763,0.0606,0.382,0.397,0.432,0.462,0.333,0.383,0.195,0.0005,0.061,0.961,0.041,0.064,0.058,0.978,0.024,0.0018,0.139,0.839,0.434,0.581,0.043,0.969,0.038,0.0053,0.379,0.303,0.28,0.5,0.395,0.465,0.049,0.0178,0.554,0.696,0.134,0.183,0
60,120,2.0,0.4281,0.1903,"95,111,133",0.1611,0.2998,,,0.366,0.522,0.756,0.1023,0.269,0.399,0.272,0.489,0.258,0.388,0.282,0.0002,0.005,0.969,0.009,0.012,0.006,0.968,0.016,0.0007,0.445,0.376,0.176,0.213,0.489,0.396,0.025,0.009,0.339,0.377,0.129,0.217,0.274,0.354,0.05,0.0185,0.56,0.649,0.119,0.172,0
61,122,2.0333,0.3844,0.2224,"80,101,127",0.2826,0.3057,,,0.316,0.283,0.55,0.1139,0.185,0.44,0.322,0.633,0.177,0.443,0.297,0.0005,0.432,0.262,0.33,0.286,0.547,0.359,0.021,0.0017,0.35,0.214,0.329,0.278,0.224,0.081,0.025,0.0218,0.166,0.483,0.216,0.333,0.131,0.541,0.108,0.0518,0.557,0.542,0.497,0.5,0
62,124,2.0667,0.5013,0.2642,"99,129,195",0.5036,0.3955,,,0.631,0.6,0.699,0.3201,0.513,0.532,0.744,0.706,0.517,0.548,0.486,0.0005,0.295,0.108,0.045,0.158,0.287,0.141,0.024,0.0013,0.354,0.172,0.117,0.101,0.342,0.178,0.045,0.145,0.291,0.605,0.647,0.489,0.43,0.782,0.213,0.0078,0.515,0.663,0.481,0.939,1
63,126,2.1,0.5158,0.2776,"111,135,165",0.4331,0.3886,,,0.572,0.678,0.739,0.1213,0.353,0.413,0.691,0.678,0.229,0.331,0.218,0.0026,0.493,0.166,0.053,0.039,0.49,0.176,0.046,0.0007,0.499,0.121,0.063,0.144,0.495,0.153,0.029,0.1049,0.377,0.507,0.706,0.606,0.665,0.694,0.194,0.0123,0.674,0.557,0.512,0.378,0
64,128,2.1333,0.8607,0.2391,"209,222,227",0.6117,0.6812,,,0.553,0.494,0.964,0.0234,0.285,0.366,0.462,0.778,0.046,0.114,0.06,0.0,-1.0,-1.0,0.0,0.0,0.456,0.161,0.009,0.0024,0.489,0.151,0.075,0.044,0.487,0.157,0.047,0.7602,0.53,0.536,0.803,0.783,0.524,0.533,0.67,0.0,-1.0,-1.0,0.0,0.0,1
65,130,2.1667,0.8068,0.2238,"184,212,227",0.3823,0.4958,-0.0039,0.0089,0.541,0.483,0.957,0.0675,0.287,0.426,0.555,0.822,0.347,0.589,0.157,0.0004,0.5,0.17,0.084,0.05,0.472,0.184,0.02,0.0029,0.523,0.156,0.091,0.05,0.517,0.164,0.054,0.4057,0.667,0.538,0.497,0.75,0.721,0.548,0.484,0.0,-1.0,-1.0,0.0,0.0,0
66,132,2.2,0.7736,0.1846,"174,202,228",0.2379,0.472,-0.0305,-0.0384,0.531,0.461,0.938,0.1615,0.194,0.532,0.406,0.85,0.188,0.803,0.204,0.0002,0.669,0.399,0.214,0.478,0.717,0.508,0.018,0.0018,0.497,0.115,0.053,0.069,0.49,0.116,0.04,0.2814,0.609,0.497,0.747,0.779,0.674,0.464,0.371,0.0,-1.0,-1.0,0.0,0.0,0
67,134,2.2333,0.6606,0.235,"146,171,211",0.3045,0.4108,,,0.544,0.439,0.913,0.2067,0.395,0.477,0.847,0.683,0.237,0.4,0.238,0.0,-1.0,-1.0,0.0,0.0,0.711,0.511,0.011,0.0002,0.72,0.508,0.013,0.006,0.719,0.508,0.018,0.1204,0.523,0.369,0.738,0.772,0.582,0.253,0.189,0.0,-1.0,-1.0,0.0,0.0,0
68,136,2.2667,0.6428,0.2257,"142,167,200",0.1875,0.4,-0.0619,0.0981,0.519,0.5,0.923,0.1756,0.409,0.438,0.834,0.667,0.14,0.409,0.262,0.0001,0.714,0.525,0.014,0.006,0.714,0.525,0.017,0.0002,0.577,0.331,0.298,0.44,0.707,0.525,0.015,0.099,0.478,0.382,0.728,0.6,0.597,0.403,0.158,0.0,-1.0,-1.0,0.0,0.0,0
69,138,2.3,0.5645,0.2382,"118,146,196",0.2692,0.3553,0.0412,-0.0609,0.559,0.456,0.886,0.3443,0.523,0.483,0.759,0.761,0.788,0.531,0.344,0.0,-1.0,-1.0,0.0,0.0,0.734,0.528,0.009,0.0002,0.729,0.531,0.016,0.006,0.73,0.531,0.018,0.0857,0.267,0.465,0.577,0.583,0.12,0.569,0.196,0.0,-1.0,-1.0,0.0,0.0,0
70,140,2.3333,0.5433,0.2297,"111,141,196",0.1743,0.3396,0.0029,0.0353,0.581,0.483,0.824,0.3249,0.501,0.469,0.731,0.783,0.773,0.462,0.316,0.0,-1.0,-1.0,0.0,0.0,0.747,0.55,0.009,0.0002,0.753,0.547,0.019,0.006,0.753,0.547,0.019,0.0816,0.139,0.636,0.254,0.406,0.089,0.661,0.204,0.0001,0.198,0.151,0.105,0.169,0
71,142,2.3667,0.5117,0.1838,"106,132,182",0.2298,0.3273,,,0.312,0.522,0.703,0.2961,0.593,0.436,0.666,0.761,0.802,0.468,0.339,0.0,-1.0,-1.0,0.0,0.0,0.794,0.561,0.009,0.0005,0.613,0.334,0.398,0.535,0.791,0.56,0.021,0.0069,0.374,0.443,0.491,0.353,0.216,0.508,0.045,0.0002,0.423,0.371,0.066,0.345,0
72,144,2.4,0.4826,0.1936,"97,125,177",0.1878,0.3279,,,0.578,0.517,0.635,0.3031,0.548,0.475,0.722,0.794,0.797,0.401,0.329,0.0001,0.693,0.438,0.45,0.447,0.842,0.586,0.013,0.0005,0.558,0.282,0.5,0.575,0.338,0.021,0.019,0.0007,0.447,0.099,0.541,0.067,0.406,0.072,0.022,0.0031,0.4,0.317,0.141,0.628,0
73,146,2.4333,0.4542,0.1907,"91,118,164",0.1549,0.301,,,0.637,0.539,0.591,0.2484,0.548,0.462,0.616,0.85,0.799,0.272,0.239,0.0002,0.693,0.397,0.584,0.539,0.903,0.591,0.018,0.0007,0.456,0.214,0.609,0.538,0.326,0.055,0.022,0.0014,0.453,0.182,0.304,0.062,0.438,0.129,0.024,0.0066,0.122,0.168,0.469,0.261,0
74,148,2.4667,0.454,0.1837,"92,118,162",0.1226,0.3083,0.0294,0.0049,0.662,0.55,0.546,0.2257,0.534,0.493,0.634,0.844,0.352,0.782,0.23,0.0002,0.692,0.359,0.665,0.561,0.973,0.597,0.017,0.0006,0.453,0.189,0.69,0.561,0.317,0.04,0.02,0.004,0.411,0.094,0.198,0.078,0.38,0.081,0.052,0.0024,0.508,0.343,0.306,0.496,0
75,150,2.5,0.446,0.1879,"92,116,153",0.1477,0.3106,,,0.247,0.544,0.518,0.1793,0.493,0.452,0.697,0.844,0.349,0.772,0.211,0.0,-1.0,-1.0,0.0,0.0,-1.0,-1.0,0.0,0.0003,0.295,0.076,0.038,0.057,0.302,0.06,0.019,0.0033,0.43,0.09,0.256,0.178,0.384,0.065,0.041,0.0095,0.588,0.485,0.218,0.372,0
76,152,2.5333,0.4268,0.1894,"89,112,139",0.1694,0.3077,0.0264,0.0115,0.294,0.556,0.512,0.113,0.377,0.417,0.545,0.85,0.279,0.142,0.201,0.0,-1.0,-1.0,0.0,0.0,-1.0,-1.0,0.0,0.0002,0.343,0.148,0.01,0.006,0.343,0.148,0.017,0.0026,0.456,0.074,0.372,0.174,0.593,0.033,0.028,0.0256,0.622,0.553,0.278,0.261,0
77,154,2.5667,0.4155,0.2056,"89,109,130",0.1342,0.301,,,0.662,0.367,0.489,0.0767,0.316,0.354,0.409,0.853,0.133,0.105,0.139,0.0,-1.0,-1.0,0.0,0.0,-1.0,-1.0,0.0,0.0001,0.37,0.213,0.01,0.023,0.372,0.206,0.015,0.0116,0.321,0.116,0.367,0.2,0.25,0.15,0.082,0.0323,0.648,0.549,0.281,0.261,0
78,156,2.6,0.409,0.2119,"87,108,125",0.1043,0.2914,-0.0,0.0005,0.672,0.372,0.525,0.065,0.293,0.261,0.397,0.611,0.23,0.135,0.192,0.0,-1.0,-1.0,0.0,0.0,-1.0,-1.0,0.0,0.0001,-1.0,-1.0,0.0,0.0,0.391,0.244,0.014,0.0076,0.357,0.115,0.438,0.206,0.325,0.146,0.04,0.0385,0.62,0.565,0.275,0.253,0
79,158,2.6333,0.4078,0.2069,"87,108,122",0.1187,0.2921,,,0.309,0.267,0.474,0.0498,0.274,0.22,0.312,0.578,0.248,0.168,0.194,0.0,-1.0,-1.0,0.0,0.0,-1.0,-1.0,0.0,0.0001,-1.0,-1.0,0.0,0.0,0.427,0.292,0.012,0.0039,0.421,0.073,0.653,0.06,0.63,0.069,0.057,0.0583,0.643,0.566,0.281,0.244,0
80,160,2.6667,0.4147,0.2009,"89,110,124",0.0687,0.291,0.0088,0.0113,0.322,0.289,0.512,0.0464,0.276,0.171,0.316,0.222,0.242,0.178,0.196,0.0,-1.0,-1.0,0.0,0.0,-1.0,-1.0,0.0,0.0001,0.399,0.429,0.227,0.221,0.489,0.484,0.016,0.0033,0.498,0.079,0.288,0.056,0.436,0.079,0.038,0.0683,0.61,0.53,0.241,0.278,0
81,162,2.7,0.4224,0.1904,"91,112,126",0.0839,0.2941,0.0065,0.0201,0.369,0.561,0.482,0.0444,0.27,0.166,0.356,0.239,0.218,0.173,0.183,0.0,-1.0,-1.0,0.0,0.0,-1.0,-1.0,0.0,0.0,-1.0,-1.0,0.0,0.0,0.002,0.603,0.009,0.0032,0.49,0.108,0.509,0.056,0.602,0.115,0.04,0.0595,0.554,0.467,0.169,0.35,0
82,164,2.7333,0.4234,0.1863,"91,112,127",0.0741,0.2881,-0.0005,0.0183,0.706,0.422,0.521,0.0396,0.284,0.159,0.806,0.228,0.205,0.168,0.158,0.0,-1.0,-1.0,0.0,0.0,-1.0,-1.0,0.0,0.0,-1.0,-1.0,0.0,0.0,-1.0,-1.0,0.0,0.0023,0.495,0.119,0.516,0.117,0.508,0.125,0.035,0.0511,0.522,0.441,0.128,0.406,0
83,166,2.7667,0.4241,0.1826,"91,112,127",0.0631,0.2853,0.0,0.0116,0.713,0.439,0.493,0.0332,0.325,0.154,0.822,0.221,0.178,0.183,0.157,0.0,-1.0,-1.0,0.0,0.0,-1.0,-1.0,0.0,0.0001,0.488,0.517,0.009,0.013,0.488,0.518,0.017,0.0026,0.526,0.132,0.26,0.117,0.631,0.147,0.041,0.0374,0.51,0.483,0.128,0.394,0
84,168,2.8,0.4243,0.1768,"90,113,127",0.083,0.2849,-0.0003,0.016,0.378,0.611,0.468,0.027,0.373,0.163,0.838,0.217,0.17,0.198,0.135,0.0,-1.0,-1.0,0.0,0.0,-1.0,-1.0,0.0,0.0001,0.49,0.533,0.008,0.011,0.489,0.533,0.016,0.0013,0.515,0.155,0.266,0.128,0.623,0.175,0.026,0.0321,0.502,0.481,0.122,0.428,0
85,170,2.8333,0.4259,0.1752,"90,113,128",0.0609,0.2858,0.0007,0.0174,0.381,0.628,0.459,0.0187,0.386,0.171,0.846,0.211,0.181,0.229,0.102,0.0,-1.0,-1.0,0.0,0.0,0.489,0.55,0.011,0.0001,0.488,0.551,0.011,0.011,0.488,0.55,0.017,0.0021,0.509,0.185,0.235,0.05,0.448,0.192,0.031,0.0269,0.497,0.499,0.119,0.461,0
86,172,2.8667,0.4262,0.174,"90,114,128",0.0564,0.2862,0.0005,0.0237,0.384,0.65,0.445,0.0149,0.355,0.189,0.844,0.194,0.161,0.23,0.097,0.0,-1.0,-1.0,0.0,0.0,0.488,0.572,0.009,0.0001,0.488,0.57,0.012,0.013,0.488,0.57,0.017,0.001,0.511,0.194,0.526,0.206,0.628,0.215,0.031,0.0252,0.499,0.524,0.125,0.494,0
87,174,2.9,0.4262,0.1748,"89,114,129",0.055,0.2871,-0.0002,0.0205,0.388,0.667,0.43,0.0085,0.393,0.193,0.847,0.189,0.071,0.18,0.059,0.0,-1.0,-1.0,0.0,0.0,0.489,0.594,0.011,0.0001,-1.0,-1.0,0.0,0.0,0.489,0.598,0.016,0.0012,0.488,0.211,0.371,0.116,0.407,0.227,0.024,0.0231,0.504,0.54,0.125,0.506,0
88,176,2.9333,0.4239,0.176,"88,113,129",0.0607,0.2859,0.0003,0.0161,0.459,0.356,0.433,0.0044,0.433,0.205,0.85,0.194,0.863,0.14,0.038,0.0,-1.0,-1.0,0.0,0.0,0.488,0.617,0.009,0.0001,0.489,0.615,0.011,0.013,0.488,0.614,0.017,0.002,0.512,0.241,0.268,0.05,0.455,0.248,0.028,0.0244,0.514,0.567,0.136,0.55,0
89,178,2.9667,0.4225,0.1768,"87,113,129",0.0622,0.2855,-0.0001,0.0186,0.463,0.367,0.45,0.0012,0.644,0.199,0.803,0.189,0.862,0.153,0.029,0.0,-1.0,-1.0,0.0,0.0,-1.0,-1.0,0.0,0.0001,0.489,0.636,0.009,0.01,0.489,0.636,0.016,0.0015,0.493,0.238,0.236,0.05,0.627,0.256,0.026,0.0248,0.523,0.566,0.169,0.556,0
90,180,3.0,0.4204,0.1785,"86,113,129",0.0514,0.2847,0.0011,0.0143,0.466,0.378,0.459,0.0004,0.59,0.224,0.776,0.181,0.862,0.164,0.019,0.0,-1.0,-1.0,0.0,0.0,0.491,0.653,0.011,0.0001,0.488,0.647,0.011,0.011,0.488,0.647,0.017,0.0027,0.529,0.256,0.264,0.056,0.608,0.271,0.041,0.0268,0.529,0.572,0.175,0.561,0
91,182,3.0333,0.4191,0.18,"86,112,130",0.0536,0.284,0.0002,0.0129,0.463,0.394,0.468,0.0001,0.102,0.351,0.027,0.028,0.108,0.352,0.018,0.0,-1.0,-1.0,0.0,0.0,-1.0,-1.0,0.0,0.0002,0.491,0.665,0.012,0.012,0.491,0.664,0.017,0.0022,0.513,0.258,0.257,0.056,0.506,0.273,0.038,0.0286,0.539,0.575,0.188,0.575,0
92,184,3.0667,0.4175,0.1818,"85,112,130",0.0408,0.2825,0.0011,0.0091,0.459,0.406,0.473,0.0,-1.0,-1.0,0.0,0.0,0.108,0.333,0.011,0.0001,0.493,0.675,0.008,0.011,0.493,0.675,0.016,0.0001,0.493,0.677,0.014,0.014,0.492,0.676,0.018,0.0032,0.523,0.273,0.265,0.056,0.607,0.284,0.044,0.0312,0.549,0.585,0.2,0.578,0
93,186,3.1,0.4171,0.1819,"85,112,130",0.0459,0.2794,0.0001,0.0065,0.459,0.411,0.477,0.0,-1.0,-1.0,0.0,0.0,-1.0,-1.0,0.0,0.0,-1.0,-1.0,0.0,0.0,0.492,0.681,0.012,0.0002,0.493,0.683,0.013,0.017,0.493,0.682,0.019,0.0027,0.521,0.276,0.258,0.056,0.441,0.273,0.033,0.0341,0.551,0.591,0.197,0.578,0
94,188,3.1333,0.4164,0.1819,"84,112,130",0.0464,0.2773,-0.0,0.0058,0.456,0.417,0.479,0.0,-1.0,-1.0,0.0,0.0,-1.0,-1.0,0.0,0.0001,-1.0,-1.0,0.0,0.0,0.497,0.691,0.014,0.0002,0.493,0.686,0.016,0.017,0.494,0.688,0.021,0.0016,0.512,0.275,0.294,0.05,0.645,0.29,0.033,0.037,0.56,0.586,0.209,0.589,0
95,190,3.1667,0.4169,0.1829,"84,112,131",0.0396,0.2751,-0.0013,0.0012,0.453,0.422,0.481,0.0,-1.0,-1.0,0.0,0.0,-1.0,-1.0,0.0,0.0001,-1.0,-1.0,0.0,0.0,0.494,0.689,0.014,0.0002,0.49,0.686,0.019,0.022,0.49,0.687,0.021,0.0019,0.501,0.279,0.262,0.05,0.451,0.296,0.026,0.0372,0.56,0.588,0.212,0.589,0
96,192,3.2,0.4163,0.1834,"84,112,131",0.0358,0.2783,-0.0035,-0.0016,0.45,0.417,0.479,0.0,-1.0,-1.0,0.0,0.0,-1.0,-1.0,0.0,0.0,-1.0,-1.0,0.0,0.0,0.489,0.689,0.011,0.0003,0.488,0.687,0.017,0.019,0.488,0.686,0.022,0.003,0.508,0.275,0.266,0.054,0.439,0.285,0.038,0.0375,0.553,0.589,0.216,0.578,0
97,194,3.2333,0.4134,0.1837,"84,111,129",0.0711,0.2925,-0.0186,-0.0332,0.434,0.378,0.454,0.0,-1.0,-1.0,0.0,0.0,-1.0,-1.0,0.0,0.0001,-1.0,-1.0,0.0,0.0,0.462,0.645,0.014,0.0003,0.534,0.669,0.331,0.129,0.462,0.643,0.021,0.0026,0.504,0.256,0.283,0.056,0.431,0.26,0.029,0.0395,0.534,0.565,0.228,0.56,0
98,196,3.2667,0.41,0.1856,"84,110,127",0.0626,0.2868,-0.0105,-0.0279,0.428,0.344,0.431,0.0,-1.0,-1.0,0.0,0.0,0.984,0.794,0.009,0.0001,-1.0,-1.0,0.0,0.0,0.448,0.612,0.015,0.0002,0.504,0.641,0.114,0.066,0.448,0.615,0.019,0.003,0.479,0.22,0.256,0.05,0.588,0.231,0.038,0.042,0.521,0.553,0.244,0.594,0
99,198,3.3,0.217,0.3801,"55,55,55",0.9747,0.2859,,,0.497,0.594,0.937,0.0,-1.0,-1.0,0.0,0.0,-1.0,-1.0,0.0,0.0,-1.0,-1.0,0.0,0.0,-1.0,-1.0,0.0,0.0,-1.0,-1.0,0.0,0.0,-1.0,-1.0,0.0,0.1608,0.592,0.665,0.312,0.456,0.587,0.67,0.344,0.7247,0.463,0.45,0.85,0.817,1
100,200,3.3333,0.3315,0.3979,"84,84,84",0.1993,0.2264,-0.0207,-0.067,0.556,0.478,0.935,0.0,-1.0,-1.0,0.0,0.0,-1.0,-1.0,0.0,0.0,-1.0,-1.0,0.0,0.0,-1.0,-1.0,0.0,0.0,-1.0,-1.0,0.0,0.0,-1.0,-1.0,0.0,0.1748,0.588,0.645,0.384,0.522,0.577,0.658,0.372,0.5123,0.472,0.432,0.838,0.828,0
101,202,3.3667,0.3314,0.3979,"84,84,84",0.0028,0.1555,-0.0001,-0.0,0.556,0.478,0.935,0.0,-1.0,-1.0,0.0,0.0,-1.0,-1.0,0.0,0.0,-1.0,-1.0,0.0,0.0,-1.0,-1.0,0.0,0.0,-1.0,-1.0,0.0,0.0,-1.0,-1.0,0.0,0.1748,0.588,0.645,0.384,0.522,0.577,0.658,0.372,0.5122,0.472,0.432,0.838,0.828,0
102,204,3.4,0.1214,0.2506,"30,30,30",0.2353,0.1975,,,0.547,0.444,0.711,0.0,-1.0,-1.0,0.0,0.0,-1.0,-1.0,0.0,0.0,-1.0,-1.0,0.0,0.0,-1.0,-1.0,0.0,0.0,-1.0,-1.0,0.0,0.0,-1.0,-1.0,0.0,0.0487,0.289,0.499,0.447,0.6,0.208,0.502,0.174,0.6976,0.561,0.479,0.838,0.828,0
103,206,3.4333,0.389,0.1801,"163,68,86",0.964,0.3807,,,0.316,0.511,0.474,0.0,-1.0,-1.0,0.0,0.0,-1.0,-1.0,0.0,0.5144,0.45,0.5,0.734,0.828,0.286,0.444,0.461,0.032,0.685,0.284,0.812,0.566,0.893,0.452,0.087,0.0018,0.456,0.154,0.259,0.05,0.355,0.162,0.028,0.0355,0.549,0.625,0.116,0.372,1
104,208,3.4667,0.404,0.2521,"143,83,95",0.2961,0.3198,,,0.256,0.456,0.631,0.0,-1.0,-1.0,0.0,0.0,-1.0,-1.0,0.0,0.3159,0.43,0.497,0.834,0.822,0.369,0.371,0.315,0.0275,0.706,0.337,0.522,0.661,0.846,0.575,0.085,0.0235,0.274,0.588,0.3,0.883,0.212,0.788,0.106,0.0569,0.594,0.475,0.166,0.556,0
105,210,3.5,0.388,0.2264,"126,84,97",0.2668,0.3048,,,0.675,0.717,0.528,0.0,-1.0,-1.0,0.0,0.0,-1.0,-1.0,0.0,0.25,0.412,0.546,0.706,0.761,0.253,0.495,0.309,0.0325,0.633,0.262,0.628,0.45,0.911,0.351,0.12,0.0007,0.3,0.174,0.489,0.528,0.163,0.522,0.02,0.0526,0.503,0.362,0.234,0.628,0
106,212,3.5333,0.3542,0.2219,"114,78,90",0.1866,0.3007,,,0.334,0.294,0.528,0.0,-1.0,-1.0,0.0,0.0,-1.0,-1.0,0.0,0.2221,0.338,0.445,0.634,0.806,0.285,0.404,0.362,0.044,0.758,0.221,0.544,0.417,0.934,0.399,0.106,0.0048,0.519,0.089,0.28,0.061,0.451,0.087,0.059,0.0857,0.586,0.545,0.347,0.567,0
107,214,3.5667,0.3632,0.214,"104,85,97",0.1815,0.2866,,,0.278,0.45,0.416,0.0,-1.0,-1.0,0.0,0.0,0.972,0.744,0.009,0.1488,0.36,0.455,0.65,0.833,0.318,0.304,0.219,0.053,0.701,0.215,0.658,0.306,0.911,0.281,0.13,0.0025,0.508,0.034,0.293,0.05,0.646,0.034,0.042,0.0765,0.563,0.431,0.369,0.556,0
108,216,3.6,0.3424,0.2086,"92,83,93",0.1698,0.2594,,,0.316,0.394,0.441,0.0,-1.0,-1.0,0.0,0.0,0.944,0.378,0.009,0.1038,0.459,0.511,0.722,0.894,0.742,0.853,0.167,0.0434,0.642,0.181,0.603,0.228,0.412,0.193,0.124,0.0013,0.508,0.011,0.287,0.011,0.497,0.01,0.024,0.0801,0.6,0.407,0.447,0.55,0
109,218,3.6333,0.5251,0.1065,"106,142,162",0.6769,0.4183,,,0.497,0.461,0.63,0.0002,0.51,0.639,0.024,0.033,0.514,0.646,0.019,0.0048,0.665,0.903,0.044,0.156,0.669,0.9,0.065,0.0008,0.657,0.835,0.049,0.111,0.652,0.808,0.026,0.0001,0.071,0.029,0.104,0.008,0.099,0.029,0.013,0.0,-1.0,-1.0,0.0,0.0,1
110,220,3.6667,0.5248,0.1063,"106,142,162",0.0311,0.3059,0.002,-0.0005,0.497,0.461,0.63,0.0004,0.504,0.632,0.034,0.031,0.502,0.63,0.028,0.0052,0.667,0.884,0.035,0.172,0.666,0.864,0.06,0.001,0.665,0.83,0.081,0.125,0.649,0.816,0.029,0.0001,0.071,0.029,0.104,0.008,0.099,0.029,0.013,0.0,-1.0,-1.0,0.0,0.0,0
111,222,3.7,0.525,0.1063,"106,142,162",0.0323,0.3064,0.0022,0.0001,0.5,0.461,0.629,0.0005,0.501,0.628,0.019,0.028,0.499,0.627,0.029,0.0057,0.669,0.872,0.034,0.183,0.664,0.869,0.066,0.0011,0.672,0.825,0.119,0.136,0.65,0.821,0.026,0.0001,0.071,0.029,0.104,0.008,0.099,0.029,0.013,0.0001,-1.0,-1.0,0.0,0.0,0
112,224,3.7333,0.5248,0.1063,"106,142,162",0.0333,0.3063,0.0031,0.0001,0.503,0.461,0.629,0.0008,0.493,0.619,0.031,0.028,0.495,0.62,0.031,0.0055,0.672,0.867,0.038,0.189,0.672,0.879,0.074,0.0012,0.678,0.824,0.129,0.131,0.691,0.893,0.028,0.0001,0.071,0.029,0.104,0.008,0.099,0.029,0.013,0.0,-1.0,-1.0,0.0,0.0,0
113,226,3.7667,0.5252,0.1065,"106,142,162",0.0313,0.3067,0.0029,0.0,0.503,0.461,0.629,0.0008,0.49,0.615,0.031,0.028,0.49,0.615,0.031,0.0052,0.675,0.852,0.041,0.194,0.675,0.818,0.059,0.0012,0.678,0.832,0.122,0.133,0.696,0.893,0.032,0.0001,0.071,0.029,0.104,0.008,0.099,0.029,0.013,0.0,-1.0,-1.0,0.0,0.0,0
114,228,3.8,0.5243,0.1068,"106,142,162",0.0294,0.3056,0.0029,0.0002,0.506,0.461,0.629,0.0011,0.486,0.608,0.037,0.039,0.488,0.611,0.036,0.0051,0.678,0.83,0.031,0.209,0.678,0.808,0.06,0.001,0.68,0.845,0.097,0.139,0.692,0.887,0.036,0.0001,0.071,0.029,0.104,0.008,0.099,0.029,0.013,0.0,-1.0,-1.0,0.0,0.0,0
115,230,3.8333,0.5246,0.1068,"106,142,162",0.0306,0.3065,0.0034,0.0001,0.509,0.461,0.629,0.0012,0.48,0.603,0.041,0.039,0.482,0.605,0.036,0.0049,0.68,0.803,0.028,0.206,0.681,0.792,0.062,0.0011,0.686,0.85,0.097,0.144,0.686,0.879,0.029,0.0001,0.071,0.029,0.104,0.008,0.099,0.029,0.013,0.0,-1.0,-1.0,0.0,0.0,0
116,232,3.8667,0.5241,0.1068,"105,142,162",0.0341,0.3061,0.0037,0.0002,0.512,0.461,0.629,0.001,0.478,0.602,0.038,0.033,0.479,0.603,0.034,0.0039,0.684,0.777,0.028,0.217,0.684,0.759,0.056,0.0011,0.69,0.848,0.087,0.15,0.69,0.878,0.029,0.0001,0.071,0.029,0.104,0.008,0.099,0.029,0.013,0.0,-1.0,-1.0,0.0,0.0,0
117,234,3.9,0.5248,0.1068,"105,142,162",0.0307,0.3068,0.0036,-0.0002,0.516,0.461,0.63,0.0011,0.473,0.596,0.038,0.039,0.477,0.599,0.036,0.003,0.688,0.75,0.025,0.194,0.688,0.744,0.053,0.001,0.695,0.832,0.078,0.233,0.694,0.88,0.028,0.0001,0.071,0.029,0.104,0.008,0.099,0.029,0.013,0.0,-1.0,-1.0,0.0,0.0,0
118,236,3.9333,0.5245,0.1065,"105,142,162",0.0335,0.3062,0.0033,0.0002,0.519,0.461,0.629,0.0009,0.47,0.592,0.038,0.038,0.476,0.596,0.035,0.0029,0.69,0.725,0.019,0.108,0.69,0.722,0.05,0.0009,0.7,0.838,0.111,0.164,0.7,0.885,0.028,0.0001,0.071,0.029,0.104,0.008,0.099,0.029,0.013,0.0,-1.0,-1.0,0.0,0.0,0
119,238,3.9667,0.5252,0.106,"105,142,162",0.0353,0.3075,0.0041,0.0003,0.45,0.456,0.629,0.001,0.465,0.584,0.041,0.033,0.467,0.586,0.035,0.0024,0.694,0.705,0.019,0.089,0.694,0.709,0.048,0.0007,0.709,0.826,0.068,0.138,0.706,0.892,0.024,0.0001,0.071,0.029,0.104,0.008,0.099,0.029,0.013,0.0,-1.0,-1.0,0.0,0.0,0
120,240,4.0,0.5249,0.1058,"105,142,162",0.0314,0.3065,0.0032,0.0001,0.453,0.456,0.629,0.0012,0.46,0.578,0.038,0.039,0.464,0.583,0.038,0.0025,0.697,0.694,0.019,0.089,0.697,0.699,0.048,0.0007,0.706,0.787,0.028,0.233,0.711,0.664,0.02,0.0001,0.071,0.029,0.104,0.008,0.099,0.029,0.013,0.0,-1.0,-1.0,0.0,0.0,0
121,242,4.0333,0.5255,0.1057,"105,142,163",0.0346,0.3071,0.0033,-0.0001,0.453,0.456,0.631,0.0011,0.457,0.573,0.038,0.039,0.459,0.575,0.036,0.0024,0.7,0.682,0.019,0.089,0.7,0.687,0.047,0.0004,0.7,0.784,0.062,0.214,0.715,0.658,0.017,0.0001,0.071,0.029,0.104,0.008,0.099,0.029,0.013,0.0,-1.0,-1.0,0.0,0.0,0
122,244,4.0667,0.5252,0.1054,"105,142,162",0.0324,0.3071,0.0038,0.0004,0.459,0.456,0.632,0.0011,0.444,0.566,0.041,0.036,0.451,0.568,0.036,0.0024,0.704,0.666,0.022,0.083,0.704,0.671,0.047,0.0004,0.711,0.757,0.031,0.206,0.72,0.875,0.017,0.0001,0.071,0.029,0.104,0.008,0.099,0.029,0.013,0.0,-1.0,-1.0,0.0,0.0,0
123,246,4.1,0.526,0.1055,"105,142,163",0.028,0.3074,0.0026,0.0003,0.459,0.456,0.632,0.0013,0.445,0.564,0.041,0.039,0.447,0.565,0.038,0.0025,0.708,0.659,0.019,0.086,0.708,0.665,0.048,0.0003,0.71,0.696,0.032,0.218,0.723,0.64,0.017,0.0001,0.071,0.029,0.104,0.008,0.099,0.029,0.013,0.0,-1.0,-1.0,0.0,0.0,0
124,248,4.1333,0.5258,0.1054,"105,143,163",0.024,0.3068,0.0026,0.0001,0.463,0.456,0.634,0.0015,0.437,0.558,0.039,0.039,0.44,0.56,0.04,0.0026,0.711,0.65,0.019,0.091,0.711,0.653,0.048,0.0003,0.72,0.679,0.027,0.079,0.727,0.658,0.02,0.0001,0.071,0.029,0.104,0.008,0.099,0.029,0.013,0.0,-1.0,-1.0,0.0,0.0,0
125,250,4.1667,0.5267,0.1052,"105,143,163",0.0297,0.3078,0.003,0.0008,0.466,0.461,0.635,0.0017,0.431,0.555,0.042,0.042,0.436,0.558,0.042,0.0024,0.714,0.63,0.022,0.083,0.714,0.637,0.048,0.0003,0.719,0.681,0.026,0.062,0.725,0.666,0.021,0.0001,0.071,0.029,0.104,0.008,0.099,0.029,0.013,0.0,-1.0,-1.0,0.0,0.0,0
126,252,4.2,0.5266,0.1052,"105,143,163",0.0301,0.3072,0.0022,0.0008,0.466,0.461,0.635,0.0018,0.425,0.549,0.044,0.047,0.431,0.553,0.046,0.0026,0.715,0.621,0.019,0.078,0.715,0.625,0.048,0.0002,0.719,0.679,0.028,0.039,0.71,0.681,0.019,0.0001,0.071,0.029,0.104,0.008,0.099,0.029,0.013,0.0,-1.0,-1.0,0.0,0.0,0
127,254,4.2333,0.5269,0.105,"105,143,163",0.0259,0.3073,0.0006,0.0004,0.466,0.461,0.635,0.0016,0.419,0.544,0.043,0.039,0.422,0.547,0.042,0.0024,0.716,0.608,0.025,0.068,0.716,0.611,0.046,0.0003,0.717,0.671,0.02,0.046,0.719,0.675,0.027,0.0001,0.071,0.029,0.104,0.008,0.099,0.029,0.013,0.0,-1.0,-1.0,0.0,0.0,0
128,256,4.2667,0.5265,0.1049,"105,143,163",0.0277,0.3069,0.0003,0.0006,0.469,0.461,0.635,0.0019,0.413,0.539,0.038,0.039,0.417,0.542,0.043,0.0025,0.716,0.6,0.025,0.072,0.716,0.603,0.048,0.0002,0.717,0.662,0.021,0.033,0.727,0.646,0.016,0.0001,0.071,0.029,0.104,0.008,0.099,0.029,0.013,0.0,-1.0,-1.0,0.0,0.0,0
129,258,4.3,0.5268,0.1048,"105,143,163",0.0278,0.3073,0.0001,0.0014,0.469,0.461,0.636,0.0019,0.409,0.532,0.038,0.05,0.409,0.533,0.043,0.0024,0.717,0.59,0.022,0.078,0.718,0.594,0.047,0.0002,0.717,0.609,0.032,0.066,0.73,0.629,0.018,0.0001,0.071,0.029,0.104,0.008,0.099,0.029,0.013,0.0,-1.0,-1.0,0.0,0.0,0
130,260,4.3333,0.5265,0.1047,"105,143,163",0.0252,0.3071,-0.0,0.0034,0.469,0.467,0.636,0.0021,0.403,0.529,0.044,0.056,0.406,0.532,0.044,0.0024,0.717,0.581,0.028,0.072,0.718,0.588,0.048,0.0003,0.72,0.606,0.032,0.12,0.734,0.644,0.017,0.0001,0.071,0.029,0.104,0.008,0.099,0.029,0.013,0.0,-1.0,-1.0,0.0,0.0,0
131,262,4.3667,0.5266,0.1048,"105,143,164",0.0297,0.3074,-0.0001,0.0041,0.388,0.483,0.641,0.0018,0.395,0.528,0.044,0.05,0.398,0.531,0.043,0.0022,0.715,0.57,0.025,0.067,0.715,0.573,0.045,0.0003,0.723,0.614,0.031,0.059,0.724,0.628,0.023,0.0001,0.071,0.029,0.104,0.008,0.099,0.029,0.013,0.0,-1.0,-1.0,0.0,0.0,0
132,264,4.4,0.5263,0.105,"105,143,164",0.0295,0.3074,-0.0003,0.0055,0.381,0.494,0.665,0.0014,0.392,0.528,0.043,0.044,0.393,0.53,0.042,0.0023,0.713,0.567,0.025,0.061,0.713,0.571,0.045,0.0002,0.718,0.577,0.031,0.084,0.716,0.617,0.013,0.0001,0.071,0.029,0.104,0.008,0.099,0.029,0.013,0.0,-1.0,-1.0,0.0,0.0,0
133,266,4.4333,0.5267,0.1046,"105,143,164",0.0271,0.3081,-0.0004,0.0092,0.375,0.494,0.665,0.0015,0.384,0.534,0.047,0.054,0.389,0.535,0.043,0.0023,0.711,0.568,0.022,0.067,0.711,0.572,0.046,0.0003,0.716,0.581,0.032,0.09,0.706,0.607,0.022,0.0001,0.071,0.029,0.104,0.008,0.099,0.029,0.013,0.0,-1.0,-1.0,0.0,0.0,0
134,268,4.4667,0.5265,0.104,"105,143,165",0.0275,0.3073,-0.0003,0.0071,0.372,0.494,0.649,0.0016,0.377,0.53,0.038,0.049,0.38,0.534,0.042,0.0022,0.71,0.569,0.022,0.067,0.71,0.571,0.043,0.0003,0.716,0.557,0.023,0.101,0.719,0.536,0.023,0.0001,0.071,0.029,0.104,0.008,0.099,0.029,0.013,0.0,-1.0,-1.0,0.0,0.0,0
135,270,4.5,0.5272,0.1032,"105,143,165",0.0305,0.3085,-0.0009,0.0113,0.466,0.5,0.639,0.0018,0.368,0.531,0.038,0.05,0.372,0.536,0.043,0.0021,0.709,0.57,0.022,0.056,0.709,0.572,0.043,0.0003,0.717,0.576,0.025,0.092,0.717,0.54,0.021,0.0001,0.071,0.029,0.104,0.008,0.099,0.029,0.013,0.0,-1.0,-1.0,0.0,0.0,0
136,272,4.5333,0.5275,0.1026,"104,143,166",0.0264,0.3077,-0.0007,0.0096,0.366,0.5,0.646,0.0018,0.363,0.535,0.041,0.056,0.368,0.541,0.045,0.002,0.707,0.572,0.019,0.061,0.707,0.573,0.042,0.0002,0.711,0.59,0.028,0.08,0.721,0.563,0.019,0.0001,0.071,0.029,0.104,0.008,0.099,0.029,0.013,0.0,-1.0,-1.0,0.0,0.0,0
137,274,4.5667,0.5287,0.102,"105,143,166",0.034,0.309,-0.0023,0.0107,0.356,0.506,0.674,0.0014,0.358,0.54,0.035,0.057,0.36,0.544,0.04,0.0021,0.706,0.577,0.019,0.067,0.706,0.578,0.043,0.0002,0.715,0.581,0.023,0.058,0.719,0.579,0.021,0.0001,0.071,0.029,0.104,0.008,0.099,0.029,0.013,0.0,-1.0,-1.0,0.0,0.0,0
138,276,4.6,0.5289,0.1014,"105,143,167",0.0343,0.3084,-0.002,0.0091,0.353,0.506,0.681,0.0015,0.353,0.539,0.031,0.061,0.354,0.542,0.04,0.0021,0.705,0.578,0.019,0.072,0.705,0.581,0.043,0.0002,0.704,0.587,0.028,0.069,0.715,0.599,0.019,0.0001,0.071,0.029,0.104,0.008,0.099,0.029,0.013,0.0,-1.0,-1.0,0.0,0.0,0
139,278,4.6333,0.5297,0.1007,"105,143,167",0.0266,0.3091,-0.0023,0.009,0.347,0.511,0.68,0.0017,0.351,0.545,0.034,0.061,0.352,0.545,0.041,0.0019,0.702,0.582,0.019,0.067,0.702,0.587,0.042,0.0003,0.702,0.576,0.028,0.088,0.695,0.546,0.021,0.0001,0.071,0.029,0.104,0.008,0.099,0.029,0.013,0.0,-1.0,-1.0,0.0,0.0,0
140,280,4.6667,0.53,0.1001,"105,143,168",0.0288,0.3095,-0.0032,0.0106,0.341,0.511,0.672,0.0015,0.345,0.546,0.028,0.061,0.344,0.545,0.04,0.0018,0.7,0.583,0.019,0.067,0.7,0.586,0.041,0.0002,0.702,0.608,0.025,0.032,0.691,0.625,0.017,0.0001,0.071,0.029,0.104,0.008,0.099,0.029,0.013,0.0,-1.0,-1.0,0.0,0.0,0
141,282,4.7,0.5306,0.1002,"105,143,168",0.028,0.3103,-0.0039,0.0098,0.334,0.506,0.712,0.0009,0.337,0.552,0.019,0.033,0.338,0.555,0.031,0.0016,0.694,0.585,0.019,0.056,0.694,0.588,0.04,0.0003,0.7,0.593,0.022,0.078,0.704,0.61,0.022,0.0005,0.274,0.388,0.262,0.489,0.338,0.503,0.023,0.0,-1.0,-1.0,0.0,0.0,0
142,284,4.7333,0.5307,0.1002,"105,144,168",0.0288,0.3099,-0.004,0.0063,0.334,0.506,0.713,0.0011,0.329,0.551,0.019,0.044,0.329,0.55,0.033,0.0014,0.69,0.586,0.019,0.05,0.69,0.591,0.037,0.0003,0.691,0.614,0.026,0.044,0.691,0.618,0.029,0.0005,0.271,0.386,0.259,0.484,0.334,0.5,0.023,0.0,-1.0,-1.0,0.0,0.0,0
143,286,4.7667,0.5311,0.1,"105,143,169",0.0312,0.3106,-0.0061,0.007,0.328,0.506,0.691,0.0011,0.318,0.547,0.025,0.047,0.318,0.548,0.035,0.0013,0.684,0.589,0.016,0.055,0.684,0.59,0.035,0.0003,0.689,0.61,0.022,0.05,0.687,0.615,0.026,0.0001,0.071,0.029,0.104,0.008,0.099,0.029,0.013,0.0,-1.0,-1.0,0.0,0.0,0
144,288,4.8,0.5305,0.0999,"105,143,169",0.0342,0.31,-0.0058,0.0055,0.322,0.5,0.665,0.0013,0.311,0.54,0.022,0.056,0.312,0.539,0.039,0.0012,0.677,0.591,0.016,0.056,0.676,0.591,0.035,0.0001,0.68,0.603,0.018,0.074,0.679,0.625,0.016,0.0001,0.071,0.029,0.104,0.008,0.099,0.029,0.013,0.0,-1.0,-1.0,0.0,0.0,0
145,290,4.8333,0.5304,0.0991,"105,143,169",0.032,0.3106,-0.0086,0.006,0.434,0.567,0.614,0.0032,0.308,0.515,0.025,0.106,0.309,0.511,0.054,0.0012,0.668,0.584,0.016,0.05,0.668,0.586,0.035,0.0001,0.668,0.621,0.006,0.039,0.669,0.633,0.015,0.0001,0.071,0.029,0.104,0.008,0.099,0.029,0.013,0.0,-1.0,-1.0,0.0,0.0,0
146,292,4.8667,0.5299,0.0984,"105,143,169",0.0288,0.3102,-0.0065,0.0038,0.494,0.578,0.609,0.0036,0.305,0.507,0.033,0.094,0.305,0.508,0.056,0.0013,0.661,0.585,0.016,0.049,0.661,0.587,0.034,0.0001,0.658,0.608,0.019,0.069,0.659,0.636,0.015,0.0001,0.102,0.088,0.184,0.146,0.099,0.029,0.013,0.0,-1.0,-1.0,0.0,0.0,0
147,294,4.9,0.5299,0.0982,"105,143,170",0.0294,0.3111,-0.0105,0.0056,0.484,0.583,0.606,0.0039,0.299,0.498,0.043,0.088,0.299,0.5,0.058,0.0013,0.65,0.588,0.019,0.044,0.65,0.589,0.035,0.0001,0.652,0.589,0.024,0.051,0.662,0.57,0.014,0.0001,0.071,0.029,0.104,0.008,0.099,0.029,0.013,0.0,-1.0,-1.0,0.0,0.0,0
148,296,4.9333,0.5297,0.0982,"105,143,170",0.0305,0.311,-0.0116,0.0054,0.481,0.589,0.603,0.0037,0.292,0.49,0.05,0.083,0.293,0.491,0.057,0.0013,0.639,0.589,0.017,0.044,0.639,0.589,0.035,0.0002,0.64,0.596,0.023,0.065,0.637,0.617,0.02,0.0002,0.123,0.131,0.285,0.462,0.099,0.029,0.013,0.0,-1.0,-1.0,0.0,0.0,0
149,298,4.9667,0.5303,0.0981,"105,143,170",0.0255,0.3115,-0.0098,0.0038,0.472,0.594,0.599,0.005,0.289,0.487,0.059,0.083,0.289,0.488,0.064,0.0014,0.629,0.589,0.019,0.044,0.629,0.59,0.036,0.0002,0.633,0.589,0.025,0.05,0.643,0.604,0.015,0.0002,0.053,0.206,0.096,0.59,0.099,0.029,0.013,0.0,-1.0,-1.0,0.0,0.0,0
150,300,5.0,0.5311,0.0982,"106,143,170",0.0308,0.3125,-0.0121,0.0048,0.466,0.594,0.595,0.0058,0.285,0.478,0.069,0.083,0.284,0.478,0.071,0.0013,0.618,0.589,0.019,0.037,0.619,0.591,0.035,0.0003,0.62,0.593,0.021,0.067,0.624,0.614,0.023,0.0002,0.075,0.228,0.141,0.589,0.099,0.029,0.013,0.0,-1.0,-1.0,0.0,0.0,0
151,302,5.0333,0.5324,0.0979,"106,143,171",0.0277,0.314,-0.0141,0.0046,0.3,0.461,0.591,0.0063,0.283,0.465,0.078,0.089,0.282,0.467,0.074,0.0013,0.605,0.589,0.021,0.033,0.605,0.59,0.034,0.0003,0.61,0.587,0.023,0.067,0.611,0.589,0.028,0.0003,0.153,0.306,0.287,0.586,0.099,0.029,0.013,0.0,-1.0,-1.0,0.0,0.0,0
152,304,5.0667,0.5334,0.0973,"106,144,171",0.0275,0.3148,-0.0125,0.0045,0.3,0.45,0.604,0.0074,0.28,0.457,0.088,0.094,0.28,0.459,0.081,0.0011,0.592,0.589,0.018,0.033,0.593,0.589,0.032,0.0003,0.594,0.597,0.024,0.059,0.599,0.613,0.021,0.0003,0.193,0.279,0.297,0.417,0.307,0.433,0.02,0.0,-1.0,-1.0,0.0,0.0,0
153,306,5.1,0.5347,0.0972,"107,144,171",0.0332,0.3162,-0.0141,0.005,0.309,0.45,0.622,0.009,0.281,0.444,0.106,0.094,0.279,0.447,0.089,0.001,0.58,0.591,0.016,0.029,0.58,0.592,0.031,0.0002,0.577,0.586,0.02,0.059,0.577,0.57,0.021,0.0002,0.053,0.206,0.096,0.59,0.099,0.029,0.013,0.0,-1.0,-1.0,0.0,0.0,0
154,308,5.1333,0.5349,0.097,"107,144,171",0.0318,0.3164,-0.0166,0.0049,0.319,0.433,0.606,0.0099,0.28,0.436,0.116,0.089,0.277,0.44,0.093,0.0012,0.565,0.592,0.019,0.039,0.565,0.592,0.033,0.0002,0.562,0.585,0.028,0.061,0.558,0.564,0.013,0.0002,0.058,0.16,0.098,0.591,0.099,0.029,0.013,0.0,-1.0,-1.0,0.0,0.0,0
155,310,5.1667,0.5343,0.0967,"107,144,171",0.034,0.3159,-0.0161,0.0053,0.328,0.406,0.596,0.0121,0.281,0.431,0.138,0.085,0.279,0.43,0.099,0.0013,0.55,0.593,0.019,0.042,0.55,0.593,0.035,0.0002,0.547,0.594,0.03,0.059,0.537,0.58,0.016,0.0003,0.192,0.237,0.325,0.367,0.339,0.39,0.016,0.0,-1.0,-1.0,0.0,0.0,0
156,312,5.2,0.5328,0.0964,"106,143,171",0.0309,0.3146,-0.0167,0.0056,0.344,0.394,0.587,0.0141,0.288,0.419,0.156,0.094,0.283,0.419,0.109,0.0012,0.534,0.595,0.019,0.039,0.534,0.596,0.034,0.0003,0.535,0.592,0.029,0.056,0.535,0.593,0.03,0.0001,0.064,0.103,0.1,0.182,0.099,0.029,0.013,0.0,-1.0,-1.0,0.0,0.0,0
157,314,5.2333,0.533,0.0965,"107,143,171",0.0312,0.3148,-0.0151,0.0054,0.359,0.394,0.603,0.0145,0.29,0.412,0.175,0.091,0.282,0.414,0.113,0.0012,0.521,0.598,0.019,0.039,0.521,0.598,0.033,0.0003,0.518,0.592,0.027,0.056,0.518,0.593,0.028,0.0002,0.147,0.142,0.307,0.378,0.325,0.406,0.014,0.0,-1.0,-1.0,0.0,0.0,0
158,316,5.2667,0.5333,0.0971,"107,143,172",0.0324,0.315,-0.0168,0.0063,0.369,0.4,0.645,0.0144,0.295,0.402,0.203,0.089,0.286,0.407,0.116,0.0012,0.506,0.602,0.019,0.039,0.506,0.603,0.033,0.0002,0.507,0.591,0.025,0.049,0.51,0.59,0.024,0.0002,0.181,0.156,0.359,0.35,0.099,0.029,0.013,0.0,-1.0,-1.0,0.0,0.0,0
159,318,5.3,0.5328,0.0973,"106,143,172",0.0334,0.3145,-0.0184,0.0067,0.375,0.394,0.678,0.0168,0.316,0.395,0.206,0.084,0.305,0.396,0.12,0.0012,0.488,0.606,0.019,0.035,0.488,0.605,0.033,0.0002,0.491,0.595,0.022,0.056,0.489,0.584,0.021,0.0003,0.268,0.265,0.363,0.372,0.369,0.394,0.016,0.0,-1.0,-1.0,0.0,0.0,0
160,320,5.3333,0.5316,0.097,"106,143,172",0.0272,0.3132,-0.0155,0.0053,0.409,0.378,0.654,0.0177,0.327,0.388,0.234,0.083,0.316,0.391,0.124,0.0011,0.473,0.608,0.016,0.039,0.473,0.608,0.032,0.0002,0.48,0.613,0.022,0.052,0.482,0.612,0.024,0.0002,0.172,0.133,0.389,0.351,0.099,0.029,0.013,0.0,-1.0,-1.0,0.0,0.0,0
161,322,5.3667,0.5296,0.0969,"106,142,172",0.0329,0.3114,-0.0139,0.0053,0.438,0.367,0.655,0.0172,0.345,0.38,0.244,0.072,0.332,0.383,0.121,0.001,0.46,0.611,0.016,0.033,0.461,0.611,0.031,0.0002,0.459,0.604,0.027,0.037,0.46,0.605,0.028,0.0002,0.172,0.134,0.38,0.356,0.099,0.029,0.013,0.0,-1.0,-1.0,0.0,0.0,0
162,324,5.4,0.5275,0.0974,"105,142,171",0.0371,0.3093,-0.0133,0.005,0.459,0.372,0.687,0.0159,0.353,0.372,0.262,0.067,0.345,0.373,0.124,0.001,0.449,0.611,0.019,0.033,0.45,0.611,0.031,0.0002,0.446,0.606,0.022,0.048,0.449,0.593,0.021,0.0001,0.071,0.029,0.104,0.008,0.099,0.029,0.013,0.0,-1.0,-1.0,0.0,0.0,0
163,326,5.4333,0.5257,0.0969,"104,141,171",0.0313,0.3083,-0.0114,0.0048,0.478,0.378,0.695,0.0162,0.377,0.368,0.259,0.056,0.368,0.368,0.118,0.0012,0.438,0.613,0.019,0.039,0.438,0.613,0.033,0.0002,0.437,0.603,0.024,0.049,0.436,0.593,0.021,0.0002,0.162,0.112,0.463,0.373,0.099,0.029,0.013,0.0,-1.0,-1.0,0.0,0.0,0
164,328,5.4667,0.5247,0.0975,"104,141,171",0.0262,0.3075,-0.0095,0.0043,0.506,0.383,0.727,0.0152,0.396,0.374,0.27,0.056,0.394,0.374,0.119,0.0012,0.43,0.614,0.016,0.039,0.43,0.614,0.033,0.0003,0.43,0.605,0.028,0.051,0.431,0.608,0.029,0.0007,0.41,0.329,0.441,0.374,0.512,0.386,0.024,0.0,-1.0,-1.0,0.0,0.0,0
165,330,5.5,0.5237,0.0977,"104,141,171",0.0319,0.3069,-0.0065,0.0025,0.531,0.406,0.73,0.0163,0.433,0.378,0.257,0.072,0.428,0.378,0.124,0.001,0.424,0.613,0.016,0.039,0.423,0.613,0.032,0.0004,0.424,0.612,0.028,0.055,0.424,0.613,0.032,0.0004,0.353,0.319,0.522,0.394,0.531,0.414,0.021,0.0,-1.0,-1.0,0.0,0.0,0
166,332,5.5333,0.5232,0.098,"104,140,171",0.027,0.3064,-0.0031,0.0018,0.559,0.417,0.748,0.0164,0.464,0.386,0.247,0.083,0.457,0.386,0.121,0.0009,0.42,0.613,0.016,0.033,0.42,0.612,0.03,0.0004,0.418,0.607,0.022,0.055,0.419,0.61,0.031,0.0004,0.382,0.313,0.555,0.406,0.546,0.428,0.02,0.0,-1.0,-1.0,0.0,0.0,0
167,334,5.5667,0.5234,0.0985,"104,140,171",0.0281,0.3063,-0.0002,-0.0001,0.572,0.422,0.758,0.0147,0.5,0.397,0.238,0.1,0.495,0.395,0.114,0.0009,0.42,0.613,0.016,0.033,0.42,0.612,0.029,0.0002,0.422,0.616,0.022,0.049,0.424,0.617,0.024,0.0003,0.35,0.252,0.552,0.403,0.567,0.425,0.017,0.0,-1.0,-1.0,0.0,0.0,0
168,336,5.6,0.5228,0.0984,"104,140,171",0.0256,0.3055,0.0006,-0.0004,0.588,0.428,0.722,0.0146,0.524,0.405,0.241,0.106,0.521,0.404,0.114,0.0009,0.42,0.617,0.016,0.033,0.42,0.617,0.029,0.0002,0.421,0.602,0.022,0.033,0.418,0.605,0.023,0.0002,0.208,0.189,0.569,0.394,0.099,0.029,0.013,0.0,-1.0,-1.0,0.0,0.0,0
169,338,5.6333,0.5223,0.098,"104,140,171",0.0253,0.3058,0.0008,-0.0007,0.597,0.444,0.67,0.0129,0.544,0.411,0.219,0.1,0.535,0.408,0.106,0.0008,0.422,0.616,0.012,0.033,0.422,0.616,0.029,0.0002,0.422,0.616,0.024,0.051,0.421,0.616,0.028,0.0002,0.058,0.159,0.098,0.586,0.099,0.029,0.013,0.0,-1.0,-1.0,0.0,0.0,0
170,340,5.6667,0.5214,0.0978,"103,140,170",0.0259,0.3052,0.0008,0.0001,0.622,0.461,0.642,0.0111,0.559,0.421,0.185,0.1,0.55,0.417,0.1,0.0009,0.423,0.613,0.016,0.039,0.423,0.614,0.029,0.0002,0.426,0.614,0.023,0.047,0.424,0.615,0.028,0.0002,0.199,0.233,0.612,0.568,0.099,0.029,0.013,0.0,-1.0,-1.0,0.0,0.0,0
171,342,5.7,0.5215,0.0985,"103,140,170",0.027,0.3055,0.0009,0.0008,0.641,0.478,0.702,0.0095,0.57,0.427,0.159,0.1,0.563,0.422,0.094,0.001,0.423,0.611,0.016,0.033,0.423,0.612,0.031,0.0003,0.421,0.614,0.023,0.052,0.422,0.613,0.03,0.0002,0.058,0.159,0.098,0.586,0.099,0.029,0.013,0.0,-1.0,-1.0,0.0,0.0,0
172,344,5.7333,0.5212,0.0983,"103,140,170",0.0243,0.3055,0.0012,0.0003,0.653,0.506,0.692,0.008,0.589,0.441,0.144,0.1,0.583,0.437,0.086,0.001,0.424,0.61,0.016,0.033,0.423,0.609,0.031,0.0003,0.425,0.601,0.02,0.054,0.425,0.588,0.021,0.0004,0.423,0.373,0.647,0.494,0.658,0.508,0.02,0.0,-1.0,-1.0,0.0,0.0,0
173,346,5.7667,0.5212,0.098,"103,140,170",0.0209,0.3055,0.002,0.0,0.65,0.522,0.665,0.0068,0.602,0.447,0.122,0.1,0.597,0.444,0.08,0.001,0.426,0.608,0.019,0.028,0.425,0.608,0.03,0.0003,0.424,0.607,0.024,0.05,0.424,0.608,0.03,0.0002,0.31,0.229,0.627,0.478,0.099,0.029,0.013,0.0,-1.0,-1.0,0.0,0.0,0
174,348,5.8,0.5207,0.0976,"103,140,170",0.0221,0.3052,0.0021,-0.0014,0.65,0.533,0.634,0.0067,0.619,0.468,0.094,0.117,0.614,0.466,0.081,0.001,0.428,0.608,0.019,0.028,0.427,0.608,0.031,0.0003,0.427,0.595,0.023,0.042,0.427,0.588,0.023,0.0001,0.071,0.029,0.104,0.008,0.099,0.029,0.013,0.0,-1.0,-1.0,0.0,0.0,0
175,350,5.8333,0.5211,0.0976,"103,140,170",0.0226,0.3058,0.002,-0.0004,0.653,0.528,0.641,0.0063,0.627,0.483,0.078,0.133,0.626,0.481,0.077,0.001,0.43,0.604,0.019,0.029,0.431,0.603,0.031,0.0004,0.429,0.602,0.028,0.05,0.43,0.603,0.032,0.0001,0.071,0.029,0.104,0.008,0.099,0.029,0.013,0.0,-1.0,-1.0,0.0,0.0,0
176,352,5.8667,0.5211,0.0977,"103,140,170",0.0249,0.3057,0.0015,-0.0006,0.647,0.528,0.667,0.0047,0.632,0.495,0.062,0.16,0.631,0.493,0.07,0.001,0.432,0.603,0.019,0.028,0.432,0.603,0.031,0.0003,0.43,0.593,0.025,0.042,0.43,0.594,0.026,0.0002,0.334,0.256,0.626,0.494,0.641,0.521,0.015,0.0,-1.0,-1.0,0.0,0.0,0
177,354,5.9,0.5216,0.0976,"104,140,170",0.0269,0.3063,0.0017,-0.0012,0.647,0.533,0.662,0.0048,0.64,0.514,0.038,0.15,0.638,0.508,0.068,0.001,0.435,0.6,0.019,0.033,0.435,0.599,0.031,0.0002,0.428,0.593,0.021,0.047,0.426,0.598,0.024,0.0002,0.28,0.209,0.631,0.494,0.645,0.524,0.014,0.0,-1.0,-1.0,0.0,0.0,0
178,356,5.9333,0.5217,0.0972,"103,140,170",0.0289,0.3063,0.0019,-0.0021,0.644,0.539,0.64,0.0051,0.645,0.524,0.034,0.139,0.644,0.52,0.068,0.0009,0.437,0.592,0.018,0.033,0.437,0.593,0.03,0.0005,0.434,0.593,0.026,0.05,0.436,0.592,0.032,0.0001,0.071,0.029,0.104,0.008,0.099,0.029,0.013,0.0,-1.0,-1.0,0.0,0.0,0
179,358,5.9667,0.5225,0.097,"104,140,170",0.0301,0.3071,0.0022,-0.0029,0.644,0.544,0.637,0.0048,0.648,0.533,0.031,0.113,0.647,0.53,0.066,0.0009,0.439,0.586,0.016,0.028,0.439,0.586,0.03,0.0004,0.438,0.582,0.025,0.044,0.438,0.585,0.03,0.0001,0.143,0.095,0.282,0.164,0.099,0.029,0.013,0.0,-1.0,-1.0,0.0,0.0,0
180,360,6.0,0.5228,0.0969,"104,140,170",0.0293,0.3072,0.0016,-0.0043,0.644,0.55,0.641,0.0042,0.649,0.536,0.037,0.106,0.648,0.535,0.064,0.0009,0.439,0.581,0.016,0.033,0.439,0.581,0.03,0.0003,0.439,0.581,0.028,0.04,0.439,0.58,0.03,0.0001,0.071,0.029,0.104,0.008,0.099,0.029,0.013,0.0,-1.0,-1.0,0.0,0.0,0
181,362,6.0333,0.5238,0.0971,"104,141,170",0.0277,0.308,0.0021,-0.0055,0.644,0.55,0.65,0.0047,0.647,0.545,0.041,0.1,0.648,0.542,0.066,0.001,0.441,0.574,0.019,0.028,0.441,0.575,0.031,0.0002,0.444,0.573,0.019,0.048,0.441,0.592,0.021,0.0001,0.071,0.029,0.104,0.008,0.099,0.029,0.013,0.0,-1.0,-1.0,0.0,0.0,0
182,364,6.0667,0.5241,0.0969,"104,141,170",0.0282,0.3078,0.0014,-0.0064,0.647,0.544,0.651,0.0045,0.647,0.549,0.044,0.1,0.648,0.543,0.066,0.0009,0.443,0.564,0.016,0.028,0.443,0.564,0.029,0.0003,0.447,0.571,0.02,0.047,0.45,0.572,0.023,0.0001,0.071,0.029,0.104,0.008,0.099,0.029,0.013,0.0,-1.0,-1.0,0.0,0.0,0
183,366,6.1,0.5251,0.0967,"105,141,170",0.029,0.3088,0.0019,-0.0078,0.644,0.544,0.627,0.0052,0.645,0.555,0.047,0.091,0.647,0.551,0.066,0.0009,0.445,0.556,0.016,0.029,0.445,0.557,0.029,0.0003,0.443,0.558,0.022,0.05,0.444,0.558,0.029,0.0001,0.071,0.029,0.104,0.008,0.099,0.029,0.013,0.0,-1.0,-1.0,0.0,0.0,0
184,368,6.1333,0.5257,0.0964,"105,141,169",0.0279,0.309,0.0019,-0.0087,0.641,0.55,0.62,0.0052,0.643,0.557,0.05,0.089,0.644,0.555,0.066,0.0008,0.447,0.549,0.017,0.029,0.447,0.548,0.028,0.0004,0.446,0.552,0.025,0.044,0.446,0.55,0.03,0.0001,0.071,0.029,0.104,0.008,0.099,0.029,0.013,0.0,-1.0,-1.0,0.0,0.0,0
185,370,6.1667,0.5267,0.0961,"105,141,170",0.0286,0.3099,0.0024,-0.01,0.631,0.583,0.604,0.0048,0.642,0.554,0.05,0.072,0.641,0.556,0.064,0.0008,0.451,0.535,0.017,0.028,0.451,0.535,0.029,0.0003,0.448,0.542,0.025,0.036,0.449,0.538,0.029,0.0001,0.071,0.029,0.104,0.008,0.099,0.029,0.013,0.0,-1.0,-1.0,0.0,0.0,0
186,372,6.2,0.5268,0.0961,"105,142,169",0.0314,0.3096,0.0021,-0.0099,0.522,0.617,0.605,0.0046,0.64,0.552,0.053,0.067,0.64,0.555,0.062,0.0008,0.453,0.525,0.017,0.028,0.453,0.525,0.028,0.0003,0.453,0.525,0.022,0.042,0.452,0.524,0.029,0.0001,0.071,0.029,0.104,0.008,0.099,0.029,0.013,0.0,-1.0,-1.0,0.0,0.0,0
187,374,6.2333,0.5279,0.0958,"106,142,169",0.0313,0.3109,0.0025,-0.0136,0.525,0.606,0.613,0.0041,0.637,0.549,0.053,0.061,0.638,0.55,0.059,0.0009,0.455,0.51,0.016,0.029,0.455,0.51,0.029,0.0003,0.458,0.509,0.026,0.046,0.457,0.507,0.028,0.0001,0.071,0.029,0.104,0.008,0.099,0.029,0.013,0.0,-1.0,-1.0,0.0,0.0,0
188,376,6.2667,0.5285,0.0956,"106,142,168",0.0346,0.3115,0.002,-0.0147,0.525,0.594,0.622,0.0034,0.635,0.546,0.054,0.056,0.636,0.545,0.056,0.001,0.458,0.496,0.016,0.031,0.458,0.496,0.03,0.0003,0.458,0.493,0.028,0.041,0.458,0.493,0.029,0.0001,0.064,0.103,0.101,0.184,0.099,0.029,0.013,0.0,-1.0,-1.0,0.0,0.0,0
189,378,6.3,0.5293,0.0954,"106,142,168",0.0421,0.3127,0.0018,-0.0183,0.519,0.583,0.63,0.0031,0.627,0.538,0.054,0.044,0.629,0.537,0.053,0.001,0.461,0.479,0.016,0.033,0.461,0.478,0.031,0.0003,0.462,0.475,0.028,0.043,0.462,0.476,0.029,0.0001,0.071,0.029,0.104,0.008,0.099,0.029,0.013,0.0,-1.0,-1.0,0.0,0.0,0
190,380,6.3333,0.5288,0.0963,"106,142,167",0.038,0.3119,0.0017,-0.0158,0.522,0.572,0.637,0.0033,0.624,0.53,0.053,0.044,0.626,0.53,0.054,0.001,0.462,0.463,0.019,0.029,0.462,0.463,0.031,0.0003,0.466,0.459,0.029,0.05,0.465,0.461,0.029,0.0001,0.071,0.029,0.104,0.008,0.099,0.029,0.013,0.0,-1.0,-1.0,0.0,0.0,0
191,382,6.3667,0.5205,0.1238,"112,139,149",0.3902,0.324,,,0.516,0.456,0.612,0.0122,0.891,0.771,0.138,0.144,0.903,0.779,0.105,0.0197,0.464,0.56,0.084,0.161,0.464,0.564,0.122,0.0009,0.488,0.611,0.124,0.064,0.52,0.62,0.029,0.0005,0.694,0.587,0.883,0.783,0.943,0.794,0.021,0.0002,0.475,0.579,0.047,0.051,0
192,384,6.4,0.5196,0.1248,"111,139,149",0.0556,0.3194,0.0024,-0.0002,0.541,0.478,0.601,0.0156,0.889,0.765,0.15,0.15,0.893,0.767,0.116,0.0171,0.482,0.561,0.084,0.161,0.48,0.559,0.118,0.0012,0.472,0.632,0.116,0.179,0.417,0.591,0.032,0.0003,0.54,0.454,0.829,0.706,0.834,0.72,0.016,0.001,0.481,0.564,0.047,0.106,0
193,386,6.4333,0.5191,0.1254,"111,139,149",0.0494,0.3188,0.0031,0.0007,0.562,0.522,0.594,0.0183,0.882,0.756,0.175,0.161,0.886,0.755,0.122,0.0149,0.484,0.569,0.078,0.156,0.487,0.572,0.111,0.0012,0.505,0.669,0.123,0.185,0.53,0.631,0.029,0.0003,0.501,0.405,0.869,0.714,0.886,0.738,0.016,0.001,0.496,0.58,0.069,0.117,0
194,388,6.4667,0.5175,0.1263,"110,139,148",0.0695,0.3188,0.0034,0.0007,0.584,0.533,0.554,0.0189,0.87,0.742,0.194,0.157,0.88,0.751,0.128,0.016,0.502,0.568,0.081,0.15,0.503,0.571,0.11,0.0004,0.52,0.718,0.11,0.283,0.55,0.788,0.021,0.0002,0.233,0.178,0.782,0.666,0.099,0.029,0.013,0.0009,0.472,0.618,0.109,0.144,0
195,390,6.5,0.5175,0.1263,"110,139,149",0.047,0.3183,0.0037,0.0003,0.591,0.533,0.536,0.0176,0.856,0.729,0.2,0.161,0.862,0.735,0.123,0.0172,0.514,0.584,0.084,0.172,0.515,0.584,0.116,0.0008,0.515,0.695,0.144,0.206,0.562,0.802,0.022,0.0009,0.71,0.606,0.747,0.678,0.782,0.697,0.026,0.0013,0.496,0.594,0.081,0.138,0
196,392,6.5333,0.5164,0.1276,"110,138,148",0.0426,0.3188,0.004,0.0003,0.416,0.439,0.538,0.0178,0.837,0.715,0.231,0.178,0.847,0.723,0.127,0.0194,0.528,0.598,0.088,0.189,0.529,0.597,0.125,0.0002,0.554,0.654,0.052,0.354,0.577,0.552,0.014,0.0005,0.612,0.546,0.706,0.694,0.746,0.693,0.016,0.0021,0.522,0.581,0.081,0.111,0
197,394,6.5667,0.5179,0.1266,"111,139,149",0.0459,0.3191,0.0044,0.0006,0.463,0.511,0.541,0.0149,0.836,0.707,0.191,0.161,0.838,0.71,0.122,0.0197,0.53,0.582,0.088,0.167,0.532,0.583,0.121,0.0001,0.493,0.532,0.07,0.047,0.471,0.545,0.016,0.001,0.656,0.58,0.62,0.636,0.733,0.657,0.03,0.0007,0.544,0.579,0.075,0.133,0
198,396,6.6,0.5163,0.1285,"111,138,148",0.0456,0.3176,0.005,0.0,0.716,0.633,0.577,0.0159,0.824,0.696,0.197,0.172,0.829,0.7,0.123,0.0218,0.543,0.591,0.097,0.178,0.545,0.591,0.129,0.0002,0.588,0.547,0.104,0.063,0.615,0.53,0.019,0.0013,0.666,0.586,0.074,0.061,0.712,0.634,0.031,0.0015,0.558,0.583,0.066,0.132,0
199,398,6.6333,0.5156,0.1289,"111,138,148",0.054,0.3185,0.0065,0.0003,0.7,0.611,0.601,0.0179,0.793,0.677,0.219,0.178,0.805,0.685,0.128,0.0238,0.558,0.608,0.094,0.206,0.56,0.607,0.137,0.001,0.584,0.683,0.091,0.272,0.565,0.761,0.028,0.0005,0.556,0.474,0.644,0.574,0.698,0.601,0.024,0.0028,0.577,0.608,0.091,0.111,0
200,400,6.6667,0.5174,0.1275,"112,138,148",0.0567,0.3183,0.0055,0.0007,0.688,0.606,0.637,0.0158,0.782,0.669,0.234,0.211,0.79,0.676,0.124,0.0262,0.569,0.615,0.103,0.211,0.569,0.613,0.143,0.0031,0.611,0.691,0.091,0.206,0.579,0.783,0.039,0.0009,0.624,0.539,0.515,0.479,0.686,0.596,0.03,0.0019,0.574,0.617,0.072,0.133,0
201,402,6.7,0.5203,0.1275,"113,139,149",0.0622,0.3203,0.0063,0.0011,0.675,0.6,0.662,0.0125,0.792,0.68,0.222,0.172,0.804,0.689,0.108,0.0241,0.58,0.618,0.088,0.206,0.58,0.612,0.136,0.0043,0.614,0.682,0.081,0.261,0.645,0.58,0.047,0.0012,0.628,0.554,0.05,0.072,0.686,0.596,0.035,0.0011,0.589,0.593,0.053,0.133,0
202,404,6.7333,0.519,0.1266,"113,138,148",0.0511,0.3183,0.0072,0.0008,0.691,0.606,0.653,0.0126,0.785,0.676,0.188,0.167,0.802,0.687,0.103,0.0266,0.591,0.621,0.097,0.206,0.59,0.615,0.143,0.003,0.626,0.634,0.093,0.271,0.65,0.556,0.052,0.0009,0.612,0.541,0.591,0.609,0.691,0.621,0.034,0.0012,0.612,0.604,0.056,0.122,0
203,406,6.7667,0.5163,0.1265,"112,138,147",0.0913,0.3176,0.0067,0.0001,0.647,0.478,0.571,0.0114,0.775,0.664,0.188,0.167,0.781,0.672,0.107,0.0273,0.598,0.624,0.113,0.183,0.601,0.624,0.143,0.0038,0.643,0.548,0.091,0.144,0.641,0.53,0.068,0.0001,0.126,0.102,0.258,0.208,0.099,0.029,0.013,0.0012,0.617,0.65,0.078,0.189,0
204,408,6.8,0.5144,0.1263,"112,137,146",0.0545,0.3184,0.0071,0.001,0.591,0.478,0.658,0.0089,0.766,0.655,0.162,0.144,0.783,0.667,0.094,0.0305,0.609,0.628,0.119,0.178,0.612,0.63,0.148,0.0047,0.637,0.595,0.112,0.283,0.65,0.549,0.072,0.0001,0.071,0.029,0.104,0.008,0.099,0.029,0.013,0.0012,0.654,0.676,0.107,0.183,0
205,410,6.8333,0.5152,0.1255,"113,137,146",0.055,0.3182,0.0072,0.0006,0.575,0.478,0.703,0.0062,0.765,0.645,0.132,0.133,0.778,0.666,0.075,0.0341,0.623,0.642,0.119,0.194,0.624,0.639,0.154,0.0056,0.637,0.61,0.147,0.283,0.605,0.522,0.057,0.0001,0.071,0.029,0.104,0.008,0.099,0.029,0.013,0.0002,0.617,0.614,0.031,0.133,0
206,412,6.8667,0.5176,0.1221,"114,137,146",0.0686,0.3188,0.0085,0.0003,0.566,0.472,0.713,0.0041,0.735,0.612,0.26,0.229,0.792,0.691,0.05,0.0335,0.642,0.632,0.119,0.189,0.646,0.631,0.155,0.0055,0.639,0.592,0.144,0.283,0.594,0.529,0.052,0.0001,0.205,0.144,0.559,0.463,0.099,0.029,0.013,0.0,-1.0,-1.0,0.0,0.0,0
207,414,6.9,0.5185,0.1249,"116,137,146",0.0608,0.3186,0.0077,0.001,0.569,0.528,0.8,0.0028,0.665,0.558,0.262,0.261,0.788,0.685,0.039,0.036,0.653,0.64,0.125,0.2,0.658,0.64,0.162,0.0054,0.653,0.656,0.144,0.312,0.6,0.528,0.046,0.0012,0.533,0.489,0.029,0.046,0.576,0.531,0.034,0.0006,0.657,0.672,0.043,0.128,0
208,416,6.9333,0.5192,0.1252,"116,137,146",0.0534,0.3174,0.0075,0.0014,0.569,0.517,0.836,0.0023,0.634,0.527,0.249,0.244,0.56,0.472,0.035,0.0397,0.663,0.656,0.141,0.211,0.666,0.65,0.168,0.0053,0.654,0.666,0.156,0.304,0.762,0.611,0.049,0.0014,0.533,0.477,0.026,0.046,0.577,0.517,0.036,0.001,0.662,0.66,0.035,0.15,0
209,418,6.9667,0.5192,0.1263,"116,137,146",0.0559,0.3171,0.0064,0.0009,0.559,0.506,0.85,0.0035,0.593,0.507,0.062,0.122,0.583,0.498,0.057,0.038,0.674,0.653,0.131,0.217,0.678,0.651,0.165,0.0064,0.664,0.72,0.172,0.312,0.631,0.821,0.052,0.0014,0.519,0.469,0.051,0.048,0.566,0.512,0.036,0.0009,0.666,0.674,0.038,0.161,0
210,420,7.0,0.5174,0.126,"116,137,145",0.0494,0.3163,0.0064,0.0013,0.544,0.494,0.868,0.0043,0.58,0.491,0.059,0.1,0.581,0.487,0.065,0.0396,0.678,0.647,0.125,0.217,0.676,0.651,0.163,0.0077,0.669,0.739,0.164,0.322,0.636,0.828,0.056,0.0013,0.501,0.457,0.028,0.048,0.542,0.499,0.033,0.0002,0.661,0.607,0.054,0.151,0
211,422,7.0333,0.5165,0.1256,"116,136,145",0.0512,0.3177,0.007,0.0016,0.531,0.472,0.823,0.0065,0.562,0.48,0.072,0.1,0.561,0.48,0.082,0.0422,0.673,0.648,0.134,0.217,0.67,0.647,0.17,0.0087,0.664,0.748,0.162,0.318,0.641,0.833,0.06,0.0006,0.429,0.381,0.436,0.477,0.524,0.48,0.025,0.0006,0.665,0.587,0.056,0.161,0
212,424,7.0667,0.5193,0.1218,"116,137,146",0.06,0.32,0.008,0.0016,0.525,0.456,0.793,0.01,0.55,0.471,0.1,0.122,0.551,0.473,0.096,0.0417,0.682,0.654,0.128,0.222,0.681,0.653,0.168,0.0086,0.659,0.759,0.141,0.328,0.645,0.841,0.066,0.0005,0.429,0.364,0.456,0.472,0.511,0.441,0.017,0.0,-1.0,-1.0,0.0,0.0,0
213,426,7.1,0.5176,0.1233,"116,137,145",0.0646,0.3194,0.0096,0.0027,0.528,0.444,0.796,0.0115,0.532,0.457,0.091,0.117,0.536,0.458,0.099,0.0421,0.684,0.647,0.138,0.228,0.685,0.647,0.175,0.0098,0.663,0.752,0.153,0.361,0.657,0.843,0.07,0.0003,0.382,0.317,0.52,0.428,0.541,0.45,0.015,0.0,-1.0,-1.0,0.0,0.0,0
214,428,7.1333,0.5133,0.1282,"115,136,144",0.0854,0.3149,0.0071,0.0015,0.516,0.433,0.806,0.0119,0.522,0.432,0.08,0.128,0.525,0.435,0.099,0.0441,0.686,0.636,0.138,0.239,0.685,0.633,0.177,0.0069,0.641,0.632,0.104,0.361,0.605,0.507,0.06,0.0005,0.44,0.361,0.432,0.411,0.515,0.426,0.022,0.0002,0.683,0.637,0.034,0.097,0
215,430,7.1667,0.5126,0.133,"115,135,144",0.0842,0.315,0.0076,0.0019,0.509,0.417,0.846,0.0075,0.522,0.413,0.072,0.122,0.521,0.413,0.082,0.0434,0.68,0.612,0.147,0.228,0.679,0.605,0.176,0.0057,0.616,0.527,0.144,0.211,0.589,0.484,0.064,0.0012,0.473,0.369,0.026,0.041,0.512,0.399,0.033,0.0014,0.738,0.646,0.106,0.139,0
216,432,7.2,0.5145,0.1353,"116,136,144",0.0676,0.3167,0.007,0.0029,0.503,0.4,0.855,0.0046,0.517,0.419,0.09,0.083,0.517,0.424,0.068,0.0418,0.688,0.625,0.166,0.211,0.685,0.621,0.176,0.0076,0.605,0.528,0.141,0.208,0.579,0.477,0.071,0.0014,0.477,0.355,0.041,0.056,0.509,0.389,0.037,0.0018,0.631,0.586,0.074,0.106,0
217,434,7.2333,0.512,0.1373,"115,135,144",0.0602,0.314,0.0075,0.0041,0.503,0.389,0.814,0.0064,0.486,0.396,0.066,0.111,0.484,0.396,0.071,0.0439,0.683,0.619,0.169,0.207,0.682,0.616,0.18,0.0072,0.596,0.51,0.236,0.206,0.569,0.462,0.07,0.0011,0.478,0.357,0.04,0.074,0.508,0.379,0.034,0.0016,0.609,0.575,0.075,0.122,0
218,436,7.2667,0.5091,0.1441,"113,135,143",0.0696,0.3163,0.0067,0.0035,0.5,0.389,0.858,0.0056,0.476,0.381,0.075,0.122,0.475,0.384,0.072,0.0367,0.668,0.606,0.191,0.256,0.614,0.555,0.136,0.0054,0.608,0.534,0.269,0.241,0.552,0.455,0.056,0.0025,0.48,0.364,0.034,0.061,0.503,0.381,0.048,0.0046,0.638,0.619,0.127,0.211,0
219,438,7.3,0.5143,0.1412,"115,136,145",0.0685,0.3189,0.0067,0.0079,0.481,0.4,0.881,0.0047,0.467,0.362,0.091,0.144,0.448,0.34,0.058,0.043,0.651,0.601,0.209,0.228,0.657,0.606,0.183,0.0047,0.616,0.496,0.256,0.242,0.55,0.441,0.059,0.0044,0.479,0.375,0.062,0.111,0.49,0.385,0.063,0.0009,0.576,0.552,0.066,0.115,0
220,440,7.3333,0.5142,0.1397,"113,137,146",0.0697,0.3174,0.0065,0.0115,0.469,0.417,0.851,0.0098,0.461,0.357,0.097,0.15,0.449,0.337,0.086,0.0402,0.631,0.608,0.222,0.233,0.637,0.611,0.175,0.005,0.626,0.506,0.259,0.256,0.55,0.429,0.055,0.0025,0.461,0.394,0.075,0.083,0.469,0.42,0.046,0.0003,0.588,0.589,0.022,0.062,0
221,442,7.3667,0.5146,0.1374,"111,137,147",0.0869,0.3182,0.0066,0.0159,0.45,0.367,0.776,0.0183,0.446,0.373,0.1,0.161,0.449,0.371,0.119,0.034,0.619,0.605,0.234,0.244,0.597,0.579,0.147,0.0058,0.601,0.516,0.269,0.256,0.536,0.459,0.065,0.0016,0.624,0.384,0.562,0.111,0.439,0.369,0.027,0.0022,0.567,0.68,0.038,0.039,0
222,444,7.4,0.5197,0.1418,"112,139,150",0.0846,0.3241,0.0067,0.0185,0.431,0.372,0.817,0.0191,0.44,0.392,0.119,0.183,0.44,0.393,0.13,0.033,0.599,0.596,0.204,0.217,0.58,0.574,0.149,0.0041,0.602,0.537,0.298,0.328,0.524,0.463,0.057,0.0076,0.72,0.407,0.578,0.173,0.416,0.36,0.048,0.0003,0.566,0.569,0.176,0.159,0
223,446,7.4333,0.5262,0.1403,"112,141,152",0.0753,0.327,0.0087,0.0217,0.419,0.367,0.766,0.0219,0.424,0.395,0.116,0.183,0.422,0.39,0.137,0.0263,0.584,0.602,0.141,0.222,0.571,0.588,0.141,0.0049,0.558,0.515,0.188,0.25,0.497,0.471,0.052,0.0102,0.831,0.306,0.588,0.2,0.957,0.302,0.083,0.0004,0.542,0.53,0.112,0.094,0
224,448,7.4667,0.5277,0.1325,"112,142,153",0.0734,0.3269,0.0092,0.023,0.4,0.367,0.793,0.0214,0.407,0.38,0.128,0.194,0.403,0.379,0.133,0.0256,0.569,0.606,0.144,0.222,0.558,0.594,0.144,0.0058,0.551,0.522,0.184,0.272,0.493,0.467,0.057,0.0078,0.598,0.322,0.616,0.089,0.397,0.333,0.064,0.0005,0.513,0.514,0.096,0.133,0
225,450,7.5,0.5291,0.1298,"111,143,155",0.075,0.3303,0.0083,0.0248,0.381,0.378,0.786,0.0304,0.379,0.379,0.147,0.222,0.377,0.377,0.155,0.0243,0.56,0.604,0.132,0.239,0.553,0.596,0.144,0.0057,0.553,0.541,0.178,0.274,0.558,0.542,0.06,0.0054,0.436,0.337,0.496,0.166,0.394,0.312,0.051,0.0005,0.519,0.542,0.128,0.206,0
226,452,7.5333,0.5361,0.1326,"111,144,159",0.0888,0.3362,0.0114,0.0245,0.369,0.378,0.76,0.0485,0.367,0.371,0.172,0.233,0.363,0.365,0.187,0.0179,0.557,0.611,0.125,0.267,0.55,0.6,0.13,0.0071,0.534,0.532,0.122,0.229,0.516,0.528,0.075,0.0108,0.798,0.352,0.616,0.167,0.952,0.365,0.075,0.001,0.566,0.584,0.068,0.06,0
227,454,7.5667,0.544,0.1354,"113,146,163",0.0838,0.3401,0.0133,0.0272,0.353,0.394,0.778,0.0655,0.358,0.329,0.197,0.339,0.36,0.336,0.216,0.0154,0.55,0.605,0.109,0.311,0.569,0.664,0.098,0.0104,0.527,0.548,0.145,0.167,0.509,0.54,0.102,0.0114,0.54,0.359,0.688,0.263,0.281,0.262,0.057,0.0007,0.499,0.456,0.059,0.1,0
228,456,7.6,0.5539,0.1429,"116,148,166",0.0775,0.3463,0.0119,0.0237,0.35,0.411,0.783,0.0682,0.319,0.307,0.197,0.411,0.314,0.317,0.224,0.0161,0.542,0.604,0.128,0.284,0.549,0.62,0.112,0.011,0.486,0.527,0.159,0.194,0.494,0.555,0.096,0.0095,0.377,0.36,0.175,0.278,0.326,0.383,0.072,0.0005,0.494,0.562,0.028,0.191,0
229,458,7.6333,0.5541,0.141,"113,149,171",0.1376,0.3461,0.0158,0.0274,0.331,0.361,0.734,0.1122,0.312,0.34,0.219,0.433,0.306,0.349,0.279,0.0151,0.543,0.612,0.138,0.278,0.568,0.663,0.096,0.0127,0.48,0.533,0.141,0.223,0.471,0.513,0.113,0.0074,0.251,0.274,0.166,0.183,0.328,0.339,0.048,0.0008,0.473,0.491,0.037,0.166,0
230,460,7.6667,0.5675,0.146,"116,153,175",0.0824,0.3546,0.0187,0.0272,0.331,0.35,0.718,0.1233,0.291,0.324,0.284,0.422,0.285,0.349,0.301,0.0141,0.547,0.623,0.131,0.267,0.557,0.638,0.104,0.0161,0.459,0.536,0.159,0.178,0.458,0.519,0.127,0.0102,0.294,0.303,0.181,0.173,0.306,0.306,0.074,0.0001,0.514,0.635,0.045,0.017,0
231,462,7.7,0.5854,0.1605,"121,157,180",0.132,0.3661,0.0212,0.0268,0.375,0.467,0.828,0.1247,0.273,0.359,0.353,0.5,0.267,0.375,0.295,0.0127,0.548,0.632,0.144,0.3,0.578,0.695,0.085,0.0146,0.476,0.563,0.157,0.211,0.476,0.555,0.123,0.0439,0.256,0.242,0.209,0.356,0.238,0.198,0.163,0.0,-1.0,-1.0,0.0,0.0,0
232,464,7.7333,0.5713,0.1452,"111,155,185",0.1818,0.346,0.0246,0.0264,0.312,0.517,0.75,0.2311,0.245,0.342,0.394,0.517,0.244,0.344,0.391,0.0129,0.552,0.63,0.156,0.311,0.595,0.718,0.084,0.0132,0.49,0.587,0.134,0.194,0.488,0.571,0.105,0.0186,0.235,0.242,0.175,0.422,0.195,0.168,0.094,0.0,-1.0,-1.0,0.0,0.0,0
233,466,7.7667,0.5714,0.1549,"114,153,187",0.1298,0.3565,0.0267,0.0234,0.544,0.411,0.688,0.2272,0.258,0.371,0.409,0.517,0.261,0.376,0.379,0.0105,0.565,0.636,0.178,0.321,0.53,0.52,0.061,0.0183,0.471,0.586,0.184,0.205,0.511,0.596,0.106,0.0345,0.167,0.13,0.281,0.25,0.076,0.092,0.117,0.0,-1.0,-1.0,0.0,0.0,0
234,468,7.8,0.5915,0.1599,"118,160,186",0.2231,0.3733,0.0305,0.0213,0.4,0.317,0.713,0.1751,0.249,0.404,0.394,0.439,0.217,0.451,0.313,0.0107,0.563,0.626,0.237,0.322,0.552,0.542,0.064,0.0212,0.481,0.58,0.209,0.244,0.485,0.604,0.138,0.0719,0.166,0.156,0.331,0.217,0.177,0.152,0.219,0.0,-1.0,-1.0,0.0,0.0,0
235,470,7.8333,0.5958,0.1474,"123,159,186",0.1793,0.3721,0.0397,0.0216,0.556,0.489,0.703,0.134,0.28,0.387,0.425,0.439,0.322,0.429,0.238,0.0069,0.621,0.659,0.181,0.328,0.604,0.668,0.056,0.0231,0.492,0.559,0.244,0.228,0.5,0.561,0.151,0.0319,0.252,0.139,0.272,0.222,0.297,0.11,0.129,0.0002,0.533,0.638,0.012,0.011,0
236,472,7.8667,0.5549,0.1559,"115,147,178",0.2036,0.354,0.0452,0.02,0.591,0.489,0.647,0.1271,0.333,0.255,0.369,0.494,0.349,0.228,0.289,0.0181,0.417,0.535,0.425,0.283,0.255,0.431,0.092,0.0262,0.424,0.507,0.381,0.322,0.567,0.579,0.111,0.0155,0.109,0.287,0.178,0.55,0.057,0.113,0.084,0.0032,0.266,0.467,0.059,0.1,0
237,474,7.9,0.5251,0.1519,"105,140,173",0.2121,0.3396,,,0.434,0.394,0.777,0.1721,0.283,0.275,0.497,0.444,0.298,0.251,0.341,0.0494,0.314,0.476,0.388,0.278,0.275,0.47,0.172,0.0305,0.412,0.473,0.411,0.367,0.287,0.32,0.109,0.0006,0.175,0.117,0.105,0.125,0.2,0.138,0.025,0.0047,0.264,0.437,0.079,0.167,0
238,476,7.9333,0.5128,0.1569,"102,136,174",0.1775,0.3369,,,0.444,0.411,0.728,0.1676,0.356,0.291,0.494,0.55,0.404,0.247,0.276,0.0286,0.411,0.495,0.405,0.278,0.348,0.462,0.134,0.0342,0.391,0.478,0.513,0.322,0.654,0.604,0.099,0.0088,0.162,0.094,0.084,0.122,0.151,0.08,0.082,0.0067,0.374,0.484,0.197,0.233,0
239,478,7.9667,0.5238,0.1196,"110,139,163",0.3605,0.3344,,,0.509,0.561,0.885,0.0222,0.501,0.475,0.175,0.135,0.499,0.474,0.134,0.0248,0.28,0.515,0.128,0.15,0.275,0.514,0.135,0.0032,0.314,0.501,0.2,0.144,0.366,0.481,0.047,0.0047,0.509,0.516,0.059,0.144,0.51,0.57,0.049,0.0002,0.294,0.431,0.014,0.019,0
240,480,8.0,0.5229,0.1249,"112,138,162",0.0747,0.3151,-0.0198,0.0013,0.5,0.539,0.892,0.0166,0.522,0.467,0.166,0.128,0.522,0.467,0.122,0.0301,0.294,0.495,0.178,0.139,0.294,0.492,0.152,0.0078,0.333,0.498,0.211,0.2,0.394,0.466,0.074,0.0054,0.502,0.517,0.079,0.152,0.501,0.551,0.057,0.0008,0.33,0.47,0.034,0.136,0
241,482,8.0333,0.5219,0.1309,"114,137,161",0.0822,0.3188,-0.0221,0.0005,0.484,0.544,0.947,0.0152,0.576,0.463,0.147,0.117,0.574,0.461,0.112,0.0323,0.312,0.463,0.248,0.139,0.313,0.464,0.16,0.0087,0.34,0.484,0.262,0.2,0.418,0.459,0.077,0.0077,0.489,0.529,0.078,0.133,0.49,0.545,0.072,0.0019,0.369,0.459,0.066,0.14,0
242,484,8.0667,0.5179,0.1281,"114,135,160",0.0707,0.3187,-0.0199,0.0015,0.469,0.572,0.844,0.0176,0.599,0.453,0.109,0.147,0.604,0.454,0.116,0.0427,0.338,0.446,0.288,0.15,0.339,0.446,0.178,0.011,0.383,0.491,0.333,0.117,0.423,0.501,0.094,0.0037,0.472,0.543,0.118,0.139,0.468,0.579,0.054,0.0006,0.44,0.408,0.037,0.193,0
243,486,8.1,0.5179,0.1358,"116,134,159",0.0826,0.322,-0.0233,0.0067,0.45,0.556,0.917,0.0082,0.62,0.478,0.075,0.161,0.634,0.488,0.078,0.0462,0.369,0.44,0.359,0.133,0.363,0.442,0.191,0.0126,0.386,0.473,0.422,0.15,0.509,0.474,0.08,0.0093,0.484,0.452,0.182,0.315,0.448,0.558,0.061,0.0013,0.397,0.42,0.266,0.089,0
244,488,8.1333,0.5141,0.1338,"116,133,158",0.0682,0.3195,-0.0171,0.0003,0.434,0.55,0.932,0.0066,0.642,0.487,0.097,0.167,0.643,0.502,0.075,0.0514,0.401,0.43,0.412,0.128,0.389,0.431,0.2,0.0171,0.406,0.456,0.468,0.167,0.497,0.471,0.11,0.0101,0.465,0.488,0.172,0.312,0.429,0.555,0.072,0.0006,0.488,0.412,0.269,0.122,0
245,490,8.1667,0.509,0.1266,"115,131,157",0.0752,0.3159,-0.0163,0.0028,0.422,0.556,0.896,0.0065,0.603,0.497,0.243,0.072,0.685,0.49,0.056,0.052,0.438,0.421,0.409,0.122,0.435,0.424,0.197,0.0209,0.439,0.449,0.525,0.172,0.595,0.453,0.102,0.0049,0.408,0.546,0.053,0.078,0.416,0.559,0.062,0.0,-1.0,-1.0,0.0,0.0,0
246,492,8.2,0.5081,0.1269,"114,131,157",0.0662,0.3166,-0.0144,0.0015,0.409,0.556,0.906,0.0034,0.51,0.502,0.114,0.072,0.495,0.486,0.044,0.0494,0.469,0.417,0.438,0.122,0.465,0.415,0.194,0.0246,0.435,0.458,0.481,0.161,0.539,0.477,0.126,0.0066,0.404,0.547,0.062,0.072,0.413,0.559,0.069,0.0001,0.642,0.389,0.023,0.046,0
247,494,8.2333,0.5071,0.1216,"112,132,158",0.0699,0.3136,-0.0125,0.0004,0.397,0.55,0.863,0.0024,0.521,0.51,0.247,0.083,0.527,0.543,0.031,0.0397,0.51,0.416,0.431,0.128,0.51,0.411,0.174,0.0285,0.467,0.44,0.471,0.167,0.474,0.435,0.175,0.0045,0.386,0.539,0.051,0.067,0.396,0.559,0.064,0.0004,0.673,0.443,0.044,0.033,0
248,496,8.2667,0.5074,0.1213,"109,133,158",0.0782,0.3116,-0.0082,-0.0006,0.388,0.556,0.866,0.0039,0.535,0.49,0.222,0.083,0.577,0.502,0.049,0.0293,0.55,0.418,0.416,0.122,0.539,0.414,0.149,0.0228,0.468,0.44,0.428,0.144,0.469,0.446,0.139,0.0051,0.38,0.539,0.053,0.078,0.38,0.552,0.063,0.0018,0.561,0.34,0.022,0.067,0
249,498,8.3,0.5123,0.1233,"109,135,160",0.0643,0.3124,-0.0036,-0.0,0.388,0.55,0.898,0.0046,0.549,0.484,0.175,0.1,0.607,0.511,0.059,0.0252,0.582,0.424,0.328,0.144,0.579,0.419,0.143,0.0167,0.49,0.434,0.412,0.156,0.506,0.44,0.128,0.0094,0.382,0.545,0.062,0.094,0.38,0.556,0.078,0.0005,0.602,0.358,0.169,0.188,0
250,500,8.3333,0.515,0.1196,"109,136,161",0.052,0.3091,0.0005,-0.0011,0.384,0.55,0.887,0.006,0.579,0.491,0.188,0.106,0.616,0.511,0.066,0.0202,0.617,0.426,0.253,0.156,0.685,0.45,0.104,0.016,0.53,0.421,0.349,0.167,0.619,0.43,0.115,0.0073,0.372,0.544,0.062,0.083,0.379,0.555,0.073,0.0001,0.696,0.472,0.112,0.036,0
251,502,8.3667,0.5203,0.1184,"110,138,163",0.0519,0.3106,0.0011,0.0003,0.388,0.55,0.898,0.0047,0.604,0.503,0.178,0.106,0.633,0.516,0.06,0.0174,0.645,0.439,0.212,0.161,0.639,0.432,0.121,0.0132,0.575,0.429,0.279,0.178,0.593,0.415,0.126,0.0098,0.387,0.547,0.066,0.106,0.38,0.557,0.081,0.0,-1.0,-1.0,0.0,0.0,0
252,504,8.4,0.5226,0.1196,"109,139,163",0.0413,0.3095,0.0029,0.0004,0.391,0.544,0.9,0.0044,0.608,0.5,0.126,0.111,0.617,0.502,0.073,0.0153,0.665,0.449,0.178,0.156,0.659,0.441,0.115,0.009,0.613,0.441,0.216,0.178,0.609,0.441,0.101,0.0101,0.388,0.545,0.072,0.1,0.385,0.553,0.085,0.0001,-1.0,-1.0,0.0,0.0,0
253,506,8.4333,0.5227,0.1189,"108,139,164",0.0489,0.3086,0.0031,0.0005,0.391,0.55,0.896,0.0051,0.621,0.509,0.059,0.1,0.636,0.513,0.064,0.0115,0.681,0.454,0.156,0.144,0.674,0.449,0.102,0.007,0.639,0.433,0.162,0.15,0.649,0.426,0.101,0.0088,0.388,0.55,0.05,0.117,0.389,0.553,0.083,0.0002,0.697,0.506,0.035,0.022,0
254,508,8.4667,0.523,0.119,"108,140,164",0.0481,0.309,0.0052,0.0004,0.394,0.55,0.9,0.0065,0.624,0.512,0.054,0.094,0.637,0.514,0.072,0.0087,0.698,0.469,0.075,0.139,0.705,0.466,0.085,0.006,0.655,0.444,0.156,0.178,0.683,0.446,0.09,0.008,0.388,0.549,0.053,0.1,0.392,0.559,0.077,0.0004,0.74,0.472,0.019,0.028,0
255,510,8.5,0.5259,0.1203,"109,140,165",0.044,0.3104,0.0059,0.0003,0.397,0.544,0.9,0.0061,0.628,0.518,0.066,0.094,0.634,0.524,0.073,0.008,0.712,0.486,0.066,0.111,0.72,0.483,0.081,0.0057,0.673,0.447,0.15,0.151,0.687,0.435,0.077,0.0093,0.394,0.547,0.056,0.128,0.399,0.558,0.084,0.0,-1.0,-1.0,0.0,0.0,0
256,512,8.5333,0.525,0.1196,"108,140,164",0.0422,0.3089,0.0058,-0.0002,0.403,0.55,0.911,0.0067,0.624,0.525,0.062,0.089,0.628,0.53,0.073,0.008,0.712,0.491,0.081,0.106,0.72,0.496,0.084,0.0039,0.69,0.468,0.131,0.183,0.698,0.461,0.068,0.0079,0.394,0.547,0.053,0.106,0.4,0.55,0.075,0.0001,0.716,0.509,0.031,0.075,0
257,514,8.5667,0.5256,0.1172,"108,140,165",0.0359,0.3099,0.0074,-0.0004,0.409,0.55,0.908,0.0058,0.623,0.535,0.059,0.083,0.626,0.533,0.073,0.008,0.714,0.501,0.084,0.111,0.718,0.499,0.088,0.0042,0.699,0.484,0.143,0.188,0.718,0.5,0.081,0.0057,0.4,0.549,0.044,0.078,0.408,0.559,0.064,0.0001,-1.0,-1.0,0.0,0.0,0
258,516,8.6,0.5273,0.1202,"109,141,165",0.0395,0.311,0.0102,0.0011,0.422,0.544,0.933,0.0053,0.614,0.548,0.056,0.072,0.613,0.552,0.07,0.0076,0.717,0.519,0.097,0.1,0.717,0.519,0.082,0.0038,0.703,0.501,0.125,0.144,0.7,0.489,0.062,0.0103,0.411,0.553,0.059,0.111,0.414,0.558,0.084,0.0,-1.0,-1.0,0.0,0.0,0
259,518,8.6333,0.5277,0.1189,"109,141,165",0.0412,0.3099,0.0099,-0.0,0.425,0.55,0.928,0.0043,0.609,0.552,0.059,0.072,0.603,0.559,0.065,0.0061,0.725,0.521,0.109,0.083,0.723,0.522,0.077,0.0046,0.708,0.524,0.118,0.139,0.691,0.535,0.069,0.0085,0.419,0.548,0.053,0.106,0.424,0.554,0.079,0.0001,0.734,0.542,0.008,0.007,0
260,520,8.6667,0.5259,0.1169,"108,141,165",0.0373,0.3087,0.0108,-0.0008,0.431,0.556,0.92,0.0041,0.601,0.557,0.05,0.067,0.6,0.558,0.061,0.0062,0.715,0.529,0.125,0.061,0.719,0.528,0.077,0.0046,0.712,0.53,0.144,0.106,0.721,0.529,0.084,0.0067,0.425,0.547,0.047,0.1,0.429,0.551,0.071,0.0,-1.0,-1.0,0.0,0.0,0
261,522,8.7,0.5278,0.1199,"109,141,165",0.0391,0.3099,0.0098,-0.0006,0.441,0.544,0.945,0.004,0.599,0.557,0.053,0.067,0.598,0.556,0.06,0.0056,0.706,0.538,0.124,0.05,0.712,0.536,0.073,0.004,0.717,0.534,0.156,0.094,0.681,0.55,0.061,0.0104,0.432,0.559,0.059,0.111,0.436,0.565,0.084,0.0001,-1.0,-1.0,0.0,0.0,0
262,524,8.7333,0.5292,0.1195,"109,142,165",0.0458,0.3108,0.0136,-0.001,0.453,0.544,0.949,0.0044,0.595,0.561,0.053,0.061,0.598,0.558,0.062,0.0039,0.7,0.549,0.134,0.039,0.703,0.55,0.067,0.0046,0.71,0.538,0.147,0.072,0.716,0.538,0.083,0.0109,0.447,0.552,0.056,0.128,0.45,0.561,0.094,0.0,-1.0,-1.0,0.0,0.0,0
263,526,8.7667,0.5273,0.1133,"108,141,165",0.0592,0.3115,0.0134,-0.0012,0.463,0.561,0.89,0.0032,0.594,0.565,0.056,0.061,0.597,0.562,0.058,0.0031,0.703,0.555,0.131,0.039,0.701,0.556,0.063,0.0052,0.71,0.545,0.16,0.056,0.705,0.552,0.08,0.0038,0.451,0.54,0.044,0.061,0.462,0.561,0.053,0.0,-1.0,-1.0,0.0,0.0,0
264,528,8.8,0.5293,0.1166,"108,142,166",0.0501,0.3106,0.0128,-0.0009,0.472,0.561,0.947,0.0026,0.605,0.57,0.075,0.061,0.601,0.57,0.051,0.0021,0.726,0.556,0.106,0.022,0.72,0.556,0.054,0.0051,0.697,0.557,0.166,0.056,0.705,0.555,0.08,0.0077,0.465,0.562,0.056,0.087,0.471,0.57,0.075,0.0,-1.0,-1.0,0.0,0.0,0
265,530,8.8333,0.5304,0.1175,"109,142,166",0.0351,0.3097,0.0134,-0.0007,0.484,0.556,0.952,0.0039,0.594,0.569,0.09,0.061,0.587,0.572,0.056,0.0023,0.713,0.563,0.15,0.056,0.73,0.555,0.05,0.0047,0.694,0.561,0.16,0.05,0.701,0.56,0.079,0.0089,0.475,0.563,0.062,0.094,0.477,0.569,0.081,0.0,-1.0,-1.0,0.0,0.0,0
266,532,8.8667,0.5311,0.1164,"109,142,166",0.0422,0.3105,0.0148,-0.0004,0.497,0.55,0.946,0.0034,0.586,0.571,0.066,0.056,0.587,0.57,0.057,0.0021,0.721,0.566,0.135,0.028,0.727,0.561,0.05,0.0048,0.682,0.567,0.169,0.05,0.69,0.566,0.08,0.0081,0.49,0.554,0.053,0.117,0.496,0.562,0.082,0.0,-1.0,-1.0,0.0,0.0,0
267,534,8.9,0.5302,0.1147,"108,142,166",0.0374,0.3091,0.0112,-0.001,0.503,0.561,0.934,0.0029,0.582,0.577,0.069,0.044,0.583,0.575,0.055,0.0014,0.718,0.571,0.1,0.022,0.743,0.575,0.033,0.005,0.694,0.57,0.181,0.044,0.701,0.568,0.079,0.0061,0.497,0.557,0.044,0.1,0.505,0.57,0.068,0.0,-1.0,-1.0,0.0,0.0,0
268,536,8.9333,0.53,0.1155,"108,142,166",0.0384,0.3085,0.0143,-0.0001,0.512,0.561,0.945,0.0028,0.58,0.575,0.059,0.044,0.588,0.578,0.055,0.0011,0.708,0.576,0.088,0.017,0.711,0.575,0.039,0.0043,0.679,0.576,0.188,0.044,0.673,0.576,0.072,0.0067,0.505,0.556,0.047,0.094,0.513,0.563,0.07,0.0,-1.0,-1.0,0.0,0.0,0
269,538,8.9667,0.5296,0.1134,"108,142,166",0.0333,0.3082,0.0109,-0.0006,0.519,0.561,0.913,0.0031,0.585,0.577,0.072,0.056,0.594,0.578,0.06,0.0009,0.708,0.579,0.082,0.022,0.73,0.583,0.028,0.0042,0.665,0.582,0.175,0.043,0.663,0.582,0.068,0.0042,0.507,0.554,0.038,0.078,0.52,0.569,0.057,0.0,-1.0,-1.0,0.0,0.0,0
270,540,9.0,0.5325,0.1159,"109,143,166",0.0436,0.3098,0.0133,-0.0014,0.528,0.561,0.928,0.002,0.607,0.587,0.062,0.05,0.609,0.588,0.05,0.0007,0.708,0.586,0.051,0.011,0.712,0.588,0.03,0.0032,0.667,0.58,0.137,0.028,0.652,0.581,0.055,0.0082,0.522,0.557,0.059,0.1,0.53,0.563,0.079,0.0,-1.0,-1.0,0.0,0.0,0
271,542,9.0333,0.5344,0.1154,"109,143,166",0.0429,0.3099,0.0098,-0.0006,0.537,0.567,0.927,0.0015,0.615,0.59,0.068,0.047,0.606,0.588,0.042,0.0008,0.694,0.587,0.082,0.017,0.703,0.589,0.03,0.0025,0.669,0.58,0.119,0.022,0.661,0.581,0.052,0.008,0.531,0.554,0.053,0.1,0.539,0.557,0.079,0.0,-1.0,-1.0,0.0,0.0,0
272,544,9.0667,0.5361,0.1132,"110,144,167",0.0437,0.3117,0.0114,-0.0022,0.541,0.567,0.865,0.001,0.595,0.597,0.166,0.044,0.602,0.6,0.032,0.0005,0.689,0.59,0.07,0.017,0.702,0.592,0.023,0.003,0.642,0.586,0.146,0.028,0.656,0.584,0.056,0.0049,0.532,0.555,0.063,0.083,0.541,0.57,0.066,0.0,-1.0,-1.0,0.0,0.0,0
273,546,9.1,0.5396,0.1156,"111,145,167",0.0398,0.313,0.0066,0.0003,0.55,0.561,0.922,0.0013,0.526,0.585,0.137,0.066,0.495,0.586,0.033,0.0005,0.663,0.594,0.054,0.011,0.657,0.598,0.022,0.0033,0.601,0.587,0.228,0.028,0.649,0.586,0.054,0.0082,0.543,0.561,0.066,0.089,0.551,0.571,0.083,0.0,-1.0,-1.0,0.0,0.0,0
274,548,9.1333,0.5404,0.1153,"111,145,167",0.0488,0.314,0.0095,-0.0019,0.559,0.556,0.924,0.0029,0.483,0.57,0.031,0.072,0.483,0.567,0.048,0.0021,0.487,0.586,0.228,0.044,0.438,0.584,0.039,0.0024,0.56,0.582,0.219,0.044,0.621,0.584,0.038,0.0083,0.551,0.556,0.069,0.089,0.556,0.562,0.08,0.0,-1.0,-1.0,0.0,0.0,0
275,550,9.1667,0.5421,0.1153,"112,145,168",0.0412,0.3152,0.0073,-0.0016,0.562,0.55,0.932,0.0047,0.457,0.564,0.053,0.072,0.469,0.564,0.063,0.0035,0.427,0.576,0.041,0.056,0.404,0.575,0.05,0.0015,0.565,0.586,0.227,0.029,0.633,0.59,0.035,0.0088,0.556,0.554,0.066,0.094,0.559,0.559,0.08,0.0,-1.0,-1.0,0.0,0.0,0
276,552,9.2,0.5428,0.1155,"112,145,168",0.0438,0.3155,0.0049,-0.0016,0.566,0.556,0.931,0.0033,0.448,0.564,0.081,0.072,0.442,0.566,0.044,0.0037,0.386,0.569,0.053,0.056,0.37,0.567,0.053,0.0021,0.501,0.584,0.206,0.039,0.492,0.591,0.039,0.0081,0.554,0.557,0.051,0.111,0.566,0.564,0.075,0.0,-1.0,-1.0,0.0,0.0,0
277,554,9.2333,0.5425,0.1132,"112,145,168",0.0507,0.3163,0.0039,-0.0032,0.572,0.533,0.883,0.0077,0.437,0.566,0.106,0.072,0.451,0.562,0.08,0.0038,0.342,0.562,0.041,0.056,0.343,0.561,0.056,0.0036,0.493,0.573,0.244,0.067,0.517,0.581,0.049,0.0049,0.561,0.538,0.038,0.15,0.574,0.545,0.066,0.0,-1.0,-1.0,0.0,0.0,0
278,556,9.2667,0.5433,0.1156,"112,145,168",0.0376,0.3151,-0.0002,-0.0025,0.572,0.533,0.92,0.008,0.422,0.559,0.103,0.078,0.436,0.557,0.083,0.0047,0.328,0.559,0.044,0.072,0.328,0.558,0.06,0.0034,0.44,0.563,0.199,0.083,0.358,0.537,0.043,0.0077,0.565,0.546,0.041,0.144,0.575,0.553,0.078,0.0,-1.0,-1.0,0.0,0.0,0
279,558,9.3,0.5422,0.1153,"112,145,167",0.0438,0.3151,0.0006,-0.0031,0.572,0.556,0.89,0.0071,0.414,0.555,0.1,0.083,0.425,0.552,0.082,0.0073,0.317,0.543,0.056,0.089,0.316,0.541,0.074,0.0026,0.436,0.567,0.197,0.089,0.508,0.59,0.037,0.006,0.534,0.54,0.194,0.106,0.572,0.538,0.064,0.0,-1.0,-1.0,0.0,0.0,0
280,560,9.3333,0.5402,0.1153,"113,144,166",0.0479,0.3149,-0.0004,-0.0034,0.572,0.556,0.878,0.0069,0.4,0.54,0.085,0.1,0.412,0.538,0.081,0.0119,0.302,0.525,0.075,0.106,0.299,0.525,0.091,0.0034,0.43,0.565,0.186,0.067,0.501,0.583,0.045,0.0053,0.545,0.547,0.192,0.081,0.576,0.566,0.066,0.0,-1.0,-1.0,0.0,0.0,0
281,562,9.3667,0.5419,0.1191,"115,144,166",0.0645,0.3163,-0.0012,-0.003,0.569,0.55,0.931,0.0096,0.401,0.516,0.075,0.111,0.41,0.52,0.091,0.0172,0.282,0.518,0.084,0.128,0.283,0.518,0.108,0.0037,0.374,0.557,0.244,0.089,0.424,0.572,0.056,0.0095,0.563,0.558,0.059,0.106,0.572,0.568,0.085,0.0,-1.0,-1.0,0.0,0.0,0
282,564,9.4,0.545,0.1237,"117,144,166",0.0828,0.3175,-0.0011,-0.0051,0.569,0.539,0.937,0.0097,0.407,0.518,0.078,0.122,0.412,0.52,0.091,0.0254,0.273,0.513,0.103,0.161,0.273,0.511,0.131,0.0028,0.332,0.555,0.249,0.122,0.385,0.545,0.051,0.0113,0.56,0.554,0.062,0.117,0.568,0.559,0.089,0.0,-1.0,-1.0,0.0,0.0,0
283,566,9.4333,0.5472,0.1247,"119,144,166",0.0656,0.3201,-0.001,-0.0027,0.566,0.544,0.895,0.0099,0.435,0.531,0.084,0.122,0.443,0.524,0.092,0.0217,0.292,0.473,0.088,0.167,0.292,0.474,0.124,0.0029,0.311,0.529,0.15,0.094,0.368,0.52,0.048,0.0087,0.515,0.536,0.194,0.144,0.564,0.563,0.079,0.0,-1.0,-1.0,0.0,0.0,0
284,568,9.4667,0.5468,0.1325,"121,143,165",0.0674,0.3229,-0.0016,-0.0007,0.566,0.539,0.926,0.0065,0.474,0.535,0.074,0.122,0.49,0.532,0.076,0.0264,0.311,0.458,0.109,0.183,0.311,0.459,0.139,0.0031,0.377,0.518,0.032,0.117,0.383,0.523,0.051,0.0131,0.509,0.519,0.172,0.117,0.564,0.546,0.077,0.0009,0.302,0.465,0.062,0.1,0
285,570,9.5,0.5407,0.1353,"122,140,161",0.0905,0.3284,-0.0041,-0.005,0.503,0.5,0.948,0.0002,0.113,0.543,0.463,0.056,0.03,0.553,0.019,0.0394,0.348,0.426,0.194,0.178,0.346,0.43,0.174,0.0068,0.399,0.467,0.228,0.267,0.44,0.487,0.08,0.0125,0.509,0.516,0.103,0.111,0.519,0.526,0.101,0.0027,0.38,0.465,0.089,0.094,0
286,572,9.5333,0.5327,0.1387,"122,138,158",0.076,0.3293,-0.0027,-0.0027,0.566,0.511,0.878,0.0002,0.023,0.543,0.015,0.016,0.025,0.542,0.021,0.046,0.392,0.429,0.241,0.194,0.399,0.434,0.182,0.0128,0.438,0.461,0.286,0.292,0.477,0.464,0.109,0.0076,0.542,0.518,0.091,0.117,0.562,0.521,0.081,0.0032,0.459,0.438,0.091,0.144,0
287,574,9.5667,0.5243,0.141,"120,135,156",0.075,0.3315,-0.0024,-0.0044,0.456,0.506,0.781,0.0007,0.306,0.54,0.425,0.027,0.021,0.536,0.022,0.0499,0.463,0.424,0.3,0.194,0.458,0.429,0.198,0.0154,0.492,0.475,0.344,0.283,0.458,0.523,0.088,0.0029,0.551,0.532,0.148,0.083,0.624,0.527,0.041,0.0042,0.461,0.451,0.272,0.133,0
288,576,9.6,0.516,0.1409,"119,133,153",0.0832,0.3302,-0.0033,-0.0061,0.55,0.556,0.895,0.0007,0.299,0.531,0.419,0.034,0.429,0.533,0.023,0.0609,0.515,0.432,0.369,0.178,0.511,0.438,0.217,0.017,0.5,0.5,0.406,0.208,0.642,0.531,0.088,0.0051,0.535,0.543,0.053,0.089,0.546,0.553,0.066,0.0043,0.548,0.392,0.272,0.072,0
289,578,9.6333,0.5115,0.1429,"117,132,153",0.0948,0.3268,-0.0015,-0.0055,0.562,0.544,0.931,0.0022,0.387,0.503,0.119,0.061,0.463,0.512,0.039,0.0621,0.575,0.45,0.434,0.189,0.576,0.452,0.217,0.0163,0.537,0.483,0.428,0.256,0.686,0.59,0.072,0.0081,0.56,0.543,0.075,0.079,0.565,0.549,0.077,0.0048,0.693,0.426,0.239,0.133,0
290,580,9.6667,0.5088,0.1355,"116,131,152",0.0835,0.3208,-0.0012,-0.0033,0.575,0.539,0.819,0.0021,0.419,0.501,0.459,0.06,0.47,0.505,0.039,0.0661,0.618,0.456,0.453,0.178,0.61,0.455,0.22,0.0233,0.571,0.496,0.375,0.233,0.594,0.529,0.129,0.0036,0.575,0.533,0.094,0.061,0.573,0.54,0.048,0.0023,0.782,0.463,0.088,0.117,0
291,582,9.7,0.5124,0.1352,"115,133,154",0.0719,0.3176,-0.0022,-0.0023,0.55,0.55,0.861,0.0034,0.539,0.528,0.249,0.11,0.624,0.545,0.05,0.0502,0.639,0.444,0.462,0.161,0.635,0.444,0.2,0.0235,0.561,0.467,0.394,0.206,0.5,0.472,0.096,0.0032,0.538,0.531,0.05,0.056,0.549,0.546,0.052,0.0022,0.804,0.493,0.072,0.111,0
292,584,9.7333,0.5184,0.1325,"114,136,157",0.0628,0.3171,-0.0014,0.0001,0.544,0.55,0.871,0.0056,0.592,0.525,0.278,0.15,0.626,0.549,0.051,0.0398,0.659,0.449,0.416,0.183,0.649,0.441,0.182,0.0214,0.572,0.455,0.388,0.189,0.536,0.458,0.139,0.0057,0.568,0.54,0.194,0.089,0.549,0.551,0.066,0.0018,0.807,0.511,0.077,0.078,0
293,586,9.7667,0.5195,0.1266,"114,136,157",0.0605,0.3157,-0.0035,-0.0037,0.544,0.533,0.721,0.0049,0.59,0.514,0.235,0.144,0.633,0.526,0.054,0.0331,0.677,0.455,0.328,0.2,0.696,0.444,0.154,0.0217,0.602,0.453,0.397,0.2,0.561,0.456,0.146,0.0019,0.606,0.532,0.188,0.079,0.547,0.545,0.032,0.0014,0.829,0.517,0.094,0.055,0
294,588,9.8,0.5238,0.1264,"113,138,159",0.0588,0.3144,-0.003,-0.0038,0.541,0.511,0.92,0.0037,0.619,0.493,0.23,0.106,0.651,0.509,0.038,0.0262,0.704,0.449,0.294,0.194,0.712,0.445,0.145,0.02,0.613,0.445,0.312,0.204,0.675,0.496,0.109,0.0057,0.552,0.511,0.148,0.094,0.542,0.512,0.065,0.0003,0.782,0.462,0.054,0.19,0
295,590,9.8333,0.5289,0.1266,"113,140,160",0.0554,0.3144,-0.0019,-0.0038,0.541,0.494,0.954,0.004,0.665,0.499,0.081,0.117,0.678,0.494,0.066,0.0193,0.72,0.453,0.194,0.178,0.724,0.449,0.124,0.014,0.636,0.447,0.262,0.183,0.668,0.488,0.08,0.0089,0.541,0.501,0.05,0.128,0.54,0.509,0.083,0.0001,0.808,0.491,0.026,0.048,0
296,592,9.8667,0.5323,0.1251,"113,141,161",0.0598,0.3128,-0.0012,-0.0037,0.541,0.5,0.95,0.004,0.658,0.506,0.062,0.083,0.665,0.502,0.065,0.0179,0.736,0.469,0.178,0.15,0.745,0.47,0.118,0.0102,0.667,0.473,0.191,0.172,0.673,0.457,0.093,0.0091,0.542,0.496,0.052,0.133,0.545,0.506,0.084,0.0,-1.0,-1.0,0.0,0.0,0
297,594,9.9,0.5331,0.1256,"113,142,161",0.043,0.3112,-0.001,-0.0014,0.537,0.494,0.96,0.0036,0.636,0.515,0.067,0.072,0.635,0.516,0.053,0.0148,0.744,0.491,0.175,0.128,0.764,0.497,0.104,0.01,0.682,0.474,0.182,0.139,0.702,0.477,0.097,0.0086,0.534,0.497,0.053,0.1,0.539,0.505,0.077,0.0,-1.0,-1.0,0.0,0.0,0
298,596,9.9333,0.5315,0.1247,"112,142,161",0.0529,0.3096,-0.0001,-0.0014,0.537,0.5,0.925,0.0037,0.623,0.513,0.094,0.072,0.615,0.519,0.051,0.0119,0.747,0.502,0.147,0.106,0.757,0.509,0.097,0.0085,0.679,0.481,0.159,0.113,0.696,0.482,0.093,0.0074,0.546,0.499,0.078,0.094,0.543,0.507,0.076,0.0,-1.0,-1.0,0.0,0.0,0
299,598,9.9667,0.5329,0.1261,"112,142,161",0.0566,0.3103,-0.0005,-0.0006,0.537,0.494,0.964,0.0039,0.643,0.493,0.109,0.117,0.607,0.52,0.043,0.0084,0.746,0.513,0.165,0.083,0.768,0.513,0.078,0.0075,0.675,0.504,0.166,0.106,0.688,0.514,0.087,0.0104,0.537,0.496,0.062,0.107,0.541,0.501,0.085,0.0,-1.0,-1.0,0.0,0.0,0
300,600,10.0,0.5326,0.1232,"111,143,162",0.046,0.3101,0.0,-0.0002,0.541,0.5,0.94,0.0032,0.647,0.491,0.116,0.094,0.615,0.511,0.042,0.0059,0.753,0.527,0.116,0.061,0.767,0.527,0.067,0.0053,0.682,0.511,0.155,0.087,0.695,0.515,0.081,0.0077,0.535,0.501,0.047,0.122,0.541,0.507,0.079,0.0,-1.0,-1.0,0.0,0.0,0
301,602,10.0333,0.5338,0.1239,"111,143,162",0.0458,0.3098,0.0006,0.0005,0.534,0.494,0.963,0.0023,0.645,0.496,0.106,0.1,0.64,0.513,0.035,0.0036,0.757,0.532,0.088,0.05,0.764,0.535,0.057,0.0059,0.677,0.525,0.166,0.061,0.692,0.521,0.09,0.0089,0.531,0.496,0.053,0.106,0.538,0.501,0.081,0.0,-1.0,-1.0,0.0,0.0,0
302,604,10.0667,0.5343,0.124,"111,143,162",0.0438,0.3096,0.0011,0.0007,0.531,0.5,0.954,0.0015,0.627,0.503,0.206,0.083,0.619,0.509,0.031,0.0027,0.749,0.54,0.1,0.044,0.758,0.541,0.054,0.0057,0.666,0.528,0.178,0.056,0.687,0.532,0.085,0.0094,0.529,0.508,0.056,0.128,0.535,0.517,0.09,0.0,-1.0,-1.0,0.0,0.0,0
303,606,10.1,0.5355,0.1231,"111,144,163",0.0407,0.3117,0.003,0.0013,0.531,0.506,0.936,0.0011,0.544,0.493,0.203,0.081,0.491,0.473,0.029,0.0017,0.719,0.543,0.159,0.036,0.736,0.554,0.037,0.0056,0.66,0.533,0.206,0.044,0.629,0.533,0.07,0.0079,0.53,0.498,0.078,0.1,0.538,0.496,0.079,0.0,-1.0,-1.0,0.0,0.0,0
304,608,10.1333,0.5337,0.1198,"110,143,162",0.0508,0.3107,0.0024,0.0017,0.531,0.511,0.872,0.0027,0.497,0.507,0.159,0.072,0.481,0.502,0.049,0.0009,0.688,0.543,0.15,0.039,0.703,0.551,0.024,0.0054,0.648,0.536,0.197,0.046,0.651,0.539,0.078,0.0039,0.518,0.497,0.088,0.039,0.534,0.511,0.058,0.0,-1.0,-1.0,0.0,0.0,0
305,610,10.1667,0.5366,0.122,"111,144,163",0.0484,0.3122,0.0031,0.0021,0.541,0.506,0.947,0.0015,0.445,0.509,0.349,0.072,0.451,0.498,0.029,0.0004,0.646,0.54,0.082,0.028,0.692,0.553,0.02,0.0036,0.648,0.539,0.155,0.042,0.646,0.543,0.062,0.0077,0.528,0.503,0.088,0.072,0.536,0.51,0.078,0.0,-1.0,-1.0,0.0,0.0,0
306,612,10.2,0.5391,0.1242,"111,145,163",0.0373,0.3124,0.0028,0.0015,0.544,0.5,0.961,0.003,0.428,0.5,0.056,0.056,0.457,0.5,0.052,0.0002,0.677,0.556,0.009,0.016,0.663,0.556,0.019,0.0023,0.631,0.534,0.167,0.078,0.641,0.543,0.05,0.011,0.538,0.503,0.072,0.106,0.545,0.509,0.086,0.0,-1.0,-1.0,0.0,0.0,0
307,614,10.2333,0.5391,0.1212,"111,145,164",0.0545,0.3137,0.0039,0.0023,0.537,0.511,0.922,0.005,0.429,0.497,0.059,0.072,0.444,0.498,0.066,0.0003,0.568,0.523,0.182,0.085,0.663,0.556,0.018,0.0034,0.562,0.529,0.162,0.061,0.613,0.538,0.045,0.0079,0.543,0.502,0.069,0.1,0.547,0.515,0.078,0.0,-1.0,-1.0,0.0,0.0,0
308,616,10.2667,0.54,0.1212,"112,145,164",0.0362,0.3137,0.0032,0.002,0.547,0.511,0.918,0.0049,0.415,0.489,0.05,0.083,0.431,0.492,0.065,0.0002,0.55,0.518,0.159,0.076,0.471,0.485,0.016,0.0045,0.524,0.528,0.153,0.067,0.484,0.519,0.056,0.0076,0.543,0.505,0.069,0.1,0.549,0.512,0.078,0.0,-1.0,-1.0,0.0,0.0,0
309,618,10.3,0.5431,0.1245,"113,146,164",0.0516,0.3147,0.0028,0.0021,0.553,0.506,0.955,0.0034,0.409,0.489,0.064,0.083,0.431,0.488,0.059,0.0005,0.454,0.519,0.019,0.074,0.46,0.486,0.019,0.0026,0.502,0.522,0.157,0.072,0.471,0.517,0.054,0.0114,0.548,0.508,0.069,0.109,0.551,0.512,0.091,0.0,-1.0,-1.0,0.0,0.0,0
310,620,10.3333,0.5425,0.1223,"112,146,165",0.0526,0.3134,0.0035,0.0024,0.556,0.5,0.945,0.0064,0.414,0.487,0.066,0.083,0.426,0.49,0.073,0.0,-1.0,-1.0,0.0,0.0,-1.0,-1.0,0.0,0.0032,0.499,0.526,0.194,0.061,0.492,0.52,0.051,0.0099,0.552,0.51,0.062,0.106,0.556,0.515,0.085,0.0,-1.0,-1.0,0.0,0.0,0
311,622,10.3667,0.5434,0.1233,"113,146,165",0.0519,0.3141,0.0027,0.0008,0.556,0.511,0.95,0.0068,0.424,0.493,0.056,0.098,0.432,0.495,0.076,0.0016,0.37,0.505,0.024,0.044,0.367,0.504,0.038,0.0045,0.46,0.513,0.134,0.083,0.492,0.523,0.05,0.0108,0.551,0.51,0.066,0.122,0.561,0.516,0.088,0.0,-1.0,-1.0,0.0,0.0,0
312,624,10.4,0.5436,0.1229,"113,146,165",0.049,0.3151,0.0024,0.0011,0.559,0.517,0.934,0.0066,0.44,0.506,0.072,0.1,0.45,0.506,0.077,0.0041,0.364,0.497,0.044,0.072,0.364,0.498,0.058,0.0034,0.461,0.518,0.138,0.083,0.393,0.492,0.043,0.0082,0.548,0.511,0.066,0.106,0.562,0.524,0.075,0.0,-1.0,-1.0,0.0,0.0,0
313,626,10.4333,0.542,0.1199,"112,145,165",0.0616,0.3166,0.0021,0.0013,0.562,0.522,0.835,0.0137,0.476,0.487,0.1,0.117,0.478,0.486,0.106,0.0064,0.36,0.482,0.05,0.089,0.362,0.482,0.07,0.0018,0.409,0.493,0.19,0.117,0.397,0.493,0.04,0.003,0.538,0.501,0.062,0.111,0.565,0.514,0.054,0.0,-1.0,-1.0,0.0,0.0,0
314,628,10.4667,0.5423,0.1222,"114,145,164",0.0587,0.3173,0.0003,-0.001,0.544,0.511,0.863,0.0081,0.492,0.481,0.122,0.111,0.499,0.478,0.091,0.0096,0.365,0.481,0.068,0.094,0.363,0.479,0.084,0.0025,0.419,0.501,0.149,0.111,0.439,0.511,0.049,0.0053,0.547,0.512,0.086,0.133,0.566,0.532,0.073,0.0002,0.403,0.532,0.007,0.017,0
315,630,10.5,0.54,0.1187,"113,144,164",0.056,0.3158,0.0003,-0.0008,0.569,0.517,0.813,0.0123,0.527,0.504,0.138,0.1,0.533,0.502,0.105,0.0136,0.369,0.481,0.078,0.117,0.367,0.481,0.098,0.0026,0.421,0.497,0.138,0.112,0.438,0.508,0.052,0.0014,0.508,0.511,0.044,0.127,0.539,0.575,0.032,0.0,-1.0,-1.0,0.0,0.0,0
316,632,10.5333,0.5362,0.126,"114,143,162",0.0763,0.3194,0.0009,0.0016,0.553,0.55,0.902,0.012,0.584,0.529,0.128,0.112,0.615,0.532,0.082,0.0236,0.403,0.485,0.134,0.133,0.405,0.486,0.132,0.0022,0.47,0.48,0.072,0.159,0.479,0.473,0.053,0.0069,0.548,0.519,0.038,0.144,0.554,0.538,0.072,0.0003,0.417,0.49,0.037,0.139,0
317,634,10.5667,0.5322,0.1263,"115,141,160",0.0722,0.3233,-0.0002,0.0004,0.578,0.539,0.773,0.0073,0.616,0.545,0.069,0.117,0.632,0.545,0.081,0.0322,0.451,0.479,0.169,0.153,0.456,0.482,0.152,0.0048,0.518,0.498,0.13,0.217,0.526,0.483,0.075,0.002,0.583,0.506,0.095,0.072,0.647,0.518,0.029,0.0019,0.39,0.509,0.194,0.111,0
318,636,10.6,0.5278,0.1274,"116,139,158",0.0891,0.3266,-0.0008,0.0009,0.544,0.594,0.679,0.0021,0.626,0.521,0.219,0.1,0.686,0.532,0.045,0.0385,0.502,0.487,0.256,0.139,0.504,0.487,0.167,0.0111,0.565,0.532,0.206,0.156,0.6,0.565,0.091,0.0012,0.563,0.508,0.22,0.212,0.667,0.538,0.027,0.0018,0.526,0.514,0.216,0.117,0
319,638,10.6333,0.5285,0.1304,"117,138,158",0.0655,0.3265,-0.0013,0.003,0.556,0.556,0.848,0.001,0.468,0.531,0.55,0.178,0.593,0.591,0.026,0.0402,0.568,0.497,0.372,0.133,0.571,0.498,0.174,0.0148,0.591,0.532,0.244,0.156,0.607,0.544,0.096,0.0027,0.533,0.54,0.033,0.061,0.553,0.567,0.047,0.001,0.671,0.511,0.041,0.125,0
320,640,10.6667,0.5263,0.1282,"116,138,158",0.0673,0.3212,-0.0008,0.0051,0.559,0.561,0.729,0.0043,0.609,0.575,0.081,0.056,0.631,0.58,0.061,0.0435,0.602,0.503,0.416,0.139,0.596,0.502,0.182,0.0142,0.582,0.526,0.247,0.112,0.586,0.546,0.088,0.0014,0.511,0.508,0.099,0.153,0.561,0.552,0.032,0.0001,-1.0,-1.0,0.0,0.0,0
321,642,10.7,0.5245,0.1262,"115,138,158",0.0688,0.3173,-0.0009,0.0017,0.544,0.567,0.632,0.0031,0.598,0.58,0.079,0.044,0.631,0.585,0.055,0.0391,0.607,0.509,0.394,0.128,0.591,0.507,0.177,0.0119,0.565,0.52,0.278,0.122,0.599,0.538,0.089,0.0005,0.428,0.429,0.476,0.539,0.541,0.56,0.021,0.0007,0.668,0.443,0.028,0.046,0
322,644,10.7333,0.5277,0.1228,"114,139,159",0.0628,0.3175,-0.0,0.0009,0.547,0.561,0.811,0.0034,0.585,0.565,0.171,0.106,0.62,0.583,0.051,0.0301,0.632,0.507,0.375,0.15,0.624,0.504,0.149,0.0155,0.571,0.507,0.232,0.122,0.564,0.495,0.122,0.0019,0.515,0.526,0.038,0.089,0.544,0.563,0.04,0.0,-1.0,-1.0,0.0,0.0,0
323,646,10.7667,0.5334,0.1245,"114,141,162",0.0714,0.3191,-0.0009,0.0029,0.553,0.533,0.937,0.0033,0.585,0.547,0.132,0.074,0.611,0.555,0.054,0.0232,0.64,0.502,0.341,0.139,0.717,0.519,0.111,0.0114,0.599,0.493,0.233,0.122,0.625,0.476,0.103,0.0079,0.544,0.539,0.053,0.1,0.55,0.547,0.074,0.0007,0.782,0.609,0.022,0.033,0
324,648,10.8,0.5355,0.1234,"114,142,162",0.0553,0.316,-0.0004,0.0021,0.553,0.533,0.935,0.0024,0.562,0.547,0.123,0.061,0.609,0.544,0.046,0.0203,0.657,0.514,0.312,0.133,0.702,0.526,0.116,0.0102,0.596,0.495,0.251,0.133,0.586,0.492,0.098,0.0083,0.547,0.54,0.05,0.117,0.548,0.556,0.077,0.0,-1.0,-1.0,0.0,0.0,0
325,650,10.8333,0.5375,0.1236,"114,143,163",0.0486,0.3159,-0.0005,0.0028,0.553,0.533,0.941,0.0009,0.487,0.539,0.622,0.066,0.038,0.506,0.02,0.0159,0.693,0.524,0.178,0.117,0.706,0.53,0.114,0.0107,0.621,0.515,0.275,0.133,0.588,0.51,0.1,0.0102,0.544,0.543,0.059,0.111,0.549,0.553,0.084,0.0,-1.0,-1.0,0.0,0.0,0
326,652,10.8667,0.5403,0.1225,"114,144,164",0.0602,0.3161,-0.0009,0.0037,0.553,0.539,0.939,0.0029,0.543,0.543,0.195,0.069,0.485,0.535,0.04,0.0098,0.731,0.537,0.112,0.103,0.738,0.544,0.088,0.0094,0.645,0.539,0.216,0.117,0.631,0.571,0.067,0.01,0.536,0.551,0.069,0.1,0.541,0.558,0.084,0.0,-1.0,-1.0,0.0,0.0,0
327,654,10.9,0.5421,0.1216,"113,145,165",0.053,0.3149,-0.0009,0.0018,0.534,0.561,0.931,0.0059,0.494,0.555,0.197,0.089,0.468,0.545,0.061,0.0074,0.742,0.55,0.103,0.094,0.743,0.551,0.082,0.0068,0.665,0.552,0.19,0.089,0.623,0.57,0.063,0.01,0.535,0.546,0.062,0.122,0.544,0.549,0.087,0.0,-1.0,-1.0,0.0,0.0,0
328,656,10.9333,0.5411,0.1176,"112,145,165",0.0577,0.3156,-0.0024,0.003,0.547,0.55,0.888,0.0072,0.466,0.559,0.203,0.078,0.452,0.557,0.07,0.0051,0.733,0.569,0.119,0.078,0.743,0.578,0.064,0.0065,0.654,0.562,0.245,0.078,0.619,0.572,0.059,0.0057,0.534,0.54,0.053,0.144,0.54,0.547,0.069,0.0,-1.0,-1.0,0.0,0.0,0
329,658,10.9667,0.5426,0.1179,"113,145,166",0.0466,0.3149,-0.002,0.0021,0.541,0.556,0.9,0.0043,0.447,0.554,0.088,0.083,0.439,0.548,0.057,0.0029,0.71,0.577,0.188,0.053,0.735,0.59,0.051,0.0066,0.636,0.57,0.288,0.067,0.636,0.579,0.066,0.0058,0.529,0.543,0.062,0.128,0.54,0.554,0.07,0.0,-1.0,-1.0,0.0,0.0,0
330,660,11.0,0.5449,0.1208,"113,146,167",0.0468,0.3154,-0.0006,0.0014,0.537,0.55,0.902,0.0043,0.432,0.55,0.081,0.08,0.436,0.546,0.06,0.0015,0.693,0.58,0.073,0.094,0.697,0.597,0.04,0.0074,0.604,0.571,0.291,0.061,0.669,0.584,0.076,0.0104,0.536,0.564,0.072,0.133,0.544,0.566,0.092,0.0,-1.0,-1.0,0.0,0.0,0
331,662,11.0333,0.5442,0.1184,"112,146,167",0.0672,0.3148,-0.0026,0.0036,0.541,0.561,0.926,0.0085,0.458,0.548,0.075,0.094,0.462,0.546,0.082,0.0008,0.682,0.585,0.072,0.019,0.686,0.596,0.029,0.0036,0.621,0.581,0.136,0.056,0.64,0.59,0.064,0.008,0.531,0.557,0.05,0.106,0.54,0.565,0.077,0.0,-1.0,-1.0,0.0,0.0,0
332,664,11.0667,0.5439,0.1168,"112,146,167",0.0599,0.3152,-0.0014,0.0025,0.547,0.617,0.801,0.0086,0.482,0.55,0.112,0.092,0.511,0.546,0.069,0.0008,0.551,0.587,0.302,0.037,0.406,0.576,0.024,0.0043,0.545,0.564,0.272,0.1,0.632,0.592,0.056,0.0048,0.52,0.576,0.1,0.183,0.535,0.634,0.055,0.0,-1.0,-1.0,0.0,0.0,0
333,666,11.1,0.5448,0.1183,"113,146,168",0.0523,0.3163,-0.0029,0.003,0.537,0.578,0.858,0.0114,0.567,0.559,0.182,0.1,0.606,0.563,0.083,0.0011,0.42,0.567,0.033,0.067,0.405,0.573,0.033,0.0034,0.478,0.552,0.278,0.106,0.429,0.543,0.057,0.0057,0.525,0.554,0.054,0.167,0.536,0.55,0.071,0.0,-1.0,-1.0,0.0,0.0,0
334,668,11.1333,0.5437,0.1199,"114,145,167",0.0616,0.3174,-0.0022,0.001,0.569,0.533,0.842,0.01,0.612,0.561,0.138,0.1,0.636,0.567,0.079,0.0051,0.433,0.554,0.047,0.089,0.432,0.554,0.068,0.0049,0.489,0.561,0.097,0.088,0.478,0.566,0.06,0.0056,0.541,0.554,0.088,0.101,0.553,0.568,0.064,0.0,-1.0,-1.0,0.0,0.0,0
335,670,11.1667,0.5463,0.1251,"116,145,167",0.0804,0.3185,-0.0022,0.0058,0.556,0.544,0.935,0.0045,0.641,0.571,0.053,0.128,0.638,0.584,0.061,0.0089,0.461,0.552,0.069,0.094,0.461,0.554,0.084,0.0046,0.473,0.56,0.109,0.133,0.481,0.586,0.062,0.0121,0.557,0.551,0.091,0.111,0.566,0.556,0.092,0.0,-1.0,-1.0,0.0,0.0,0
336,672,11.2,0.543,0.1235,"115,144,166",0.062,0.3187,-0.0028,0.001,0.591,0.528,0.896,0.0044,0.619,0.565,0.066,0.106,0.639,0.561,0.064,0.0099,0.498,0.549,0.112,0.094,0.526,0.54,0.071,0.0055,0.505,0.562,0.117,0.156,0.508,0.578,0.067,0.0085,0.563,0.559,0.134,0.122,0.585,0.556,0.072,0.0,-1.0,-1.0,0.0,0.0,0
337,674,11.2333,0.5383,0.1228,"114,143,165",0.0683,0.3202,-0.003,0.0008,0.553,0.522,0.89,0.0011,0.648,0.552,0.216,0.036,0.674,0.55,0.031,0.0131,0.565,0.559,0.184,0.111,0.613,0.551,0.081,0.0072,0.549,0.573,0.192,0.139,0.479,0.579,0.073,0.0086,0.539,0.56,0.081,0.127,0.546,0.558,0.078,0.0004,0.434,0.543,0.012,0.022,0
338,676,11.2667,0.5372,0.124,"114,142,165",0.0531,0.3163,-0.0026,-0.0009,0.55,0.494,0.899,0.0001,-1.0,-1.0,0.0,0.0,0.464,0.522,0.011,0.0156,0.587,0.559,0.244,0.094,0.653,0.557,0.086,0.0116,0.556,0.57,0.2,0.122,0.563,0.57,0.105,0.0112,0.551,0.556,0.091,0.167,0.566,0.624,0.064,0.0001,-1.0,-1.0,0.0,0.0,0
339,678,11.3,0.5334,0.1212,"113,142,164",0.0642,0.3141,-0.0037,-0.0003,0.534,0.511,0.865,0.0013,0.555,0.56,0.224,0.1,0.496,0.599,0.027,0.0152,0.588,0.559,0.262,0.083,0.651,0.559,0.087,0.0112,0.543,0.566,0.206,0.111,0.476,0.568,0.081,0.0065,0.535,0.56,0.051,0.156,0.545,0.569,0.078,0.0,-1.0,-1.0,0.0,0.0,0
340,680,11.3333,0.5377,0.1254,"113,143,166",0.0633,0.3162,-0.0034,0.0006,0.547,0.511,0.93,0.0028,0.49,0.584,0.26,0.089,0.455,0.586,0.051,0.0101,0.621,0.555,0.268,0.083,0.649,0.558,0.082,0.0132,0.529,0.571,0.228,0.117,0.451,0.552,0.081,0.0128,0.538,0.563,0.059,0.189,0.541,0.578,0.104,0.0,-1.0,-1.0,0.0,0.0,0
341,682,11.3667,0.5429,0.1295,"113,145,168",0.0845,0.3166,-0.0033,0.0001,0.547,0.511,0.955,0.0131,0.451,0.546,0.256,0.106,0.418,0.55,0.095,0.0019,0.632,0.58,0.081,0.111,0.616,0.593,0.032,0.0111,0.613,0.557,0.201,0.106,0.643,0.566,0.093,0.0189,0.54,0.554,0.069,0.183,0.544,0.556,0.116,0.0001,-1.0,-1.0,0.0,0.0,0
342,684,11.4,0.5402,0.126,"112,144,168",0.0629,0.3152,-0.0019,-0.0,0.55,0.467,0.899,0.0157,0.439,0.538,0.099,0.139,0.43,0.533,0.114,0.0035,0.647,0.548,0.116,0.117,0.663,0.61,0.038,0.016,0.61,0.55,0.169,0.106,0.634,0.556,0.11,0.0103,0.534,0.533,0.038,0.261,0.547,0.544,0.091,0.0,-1.0,-1.0,0.0,0.0,0
343,686,11.4333,0.5923,0.1903,"136,151,188",0.461,0.3745,,,0.5,0.5,0.981,0.0839,0.622,0.244,0.772,0.433,0.929,0.22,0.159,0.0209,0.408,0.496,0.616,0.461,0.259,0.525,0.103,0.0759,0.46,0.497,0.528,0.406,0.279,0.395,0.159,0.079,0.555,0.47,0.462,0.394,0.519,0.503,0.193,0.0017,0.306,0.497,0.019,0.097,1
344,688,11.4667,0.577,0.2121,"146,140,179",0.2354,0.3605,-0.0006,0.0049,0.497,0.5,0.98,0.1231,0.752,0.244,0.375,0.489,0.684,0.247,0.23,0.0881,0.24,0.348,0.247,0.403,0.232,0.34,0.25,0.0894,0.443,0.372,0.706,0.578,0.399,0.405,0.238,0.0809,0.532,0.465,0.3,0.583,0.498,0.449,0.175,0.0173,0.242,0.323,0.15,0.294,0
345,690,11.5,0.5528,0.214,"142,134,170",0.1509,0.3505,-0.0009,0.0004,0.516,0.517,0.974,0.07,0.79,0.346,0.244,0.461,0.805,0.316,0.229,0.0961,0.318,0.275,0.224,0.467,0.309,0.285,0.261,0.0884,0.45,0.35,0.438,0.556,0.404,0.336,0.26,0.0704,0.583,0.418,0.244,0.65,0.552,0.56,0.188,0.0191,0.357,0.182,0.2,0.317,0
346,692,11.5333,0.543,0.2145,"151,127,162",0.2186,0.3482,,,0.506,0.5,0.98,0.0229,0.422,0.366,0.441,0.685,0.396,0.036,0.07,0.1277,0.544,0.29,0.566,0.378,0.759,0.274,0.22,0.1363,0.588,0.287,0.569,0.55,0.565,0.302,0.336,0.0762,0.539,0.53,0.169,0.339,0.53,0.55,0.215,0.0218,0.761,0.232,0.178,0.3,0
347,694,11.5667,0.5233,0.1826,"134,126,164",0.185,0.3282,,,0.506,0.517,0.976,0.0526,0.531,0.36,0.369,0.589,0.443,0.126,0.123,0.1066,0.564,0.368,0.562,0.322,0.588,0.37,0.271,0.0761,0.556,0.377,0.494,0.439,0.507,0.426,0.206,0.0333,0.512,0.562,0.125,0.183,0.51,0.564,0.141,0.0071,0.792,0.424,0.141,0.191,0
348,696,11.6,0.539,0.1734,"126,135,176",0.215,0.3403,,,0.506,0.517,0.976,0.0597,0.469,0.415,0.462,0.45,0.581,0.231,0.156,0.0443,0.637,0.41,0.369,0.339,0.595,0.345,0.155,0.0856,0.556,0.409,0.475,0.322,0.579,0.409,0.262,0.0529,0.51,0.586,0.141,0.239,0.51,0.59,0.181,0.0004,0.369,0.292,0.366,0.372,0
349,698,11.6333,0.561,0.1592,"122,144,186",0.166,0.3465,-0.0002,-0.0013,0.509,0.5,0.971,0.1468,0.411,0.304,0.378,0.472,0.372,0.276,0.286,0.023,0.704,0.444,0.161,0.189,0.713,0.439,0.126,0.0686,0.576,0.46,0.466,0.4,0.634,0.448,0.213,0.0452,0.504,0.568,0.134,0.283,0.513,0.588,0.166,0.0,-1.0,-1.0,0.0,0.0,0
350,700,11.6667,0.5708,0.1588,"120,150,189",0.1026,0.3454,0.0011,-0.0007,0.506,0.494,0.977,0.1786,0.666,0.294,0.456,0.439,0.655,0.296,0.337,0.0136,0.353,0.383,0.172,0.278,0.34,0.382,0.104,0.0458,0.577,0.498,0.406,0.417,0.413,0.36,0.128,0.0447,0.525,0.564,0.15,0.317,0.517,0.579,0.169,0.0,-1.0,-1.0,0.0,0.0,0
351,702,11.7,0.5616,0.1662,"119,147,183",0.1236,0.3314,0.0011,-0.0002,0.503,0.528,0.968,0.0941,0.679,0.379,0.497,0.294,0.675,0.387,0.266,0.017,0.411,0.483,0.278,0.389,0.363,0.355,0.085,0.0417,0.531,0.5,0.359,0.411,0.434,0.341,0.123,0.0468,0.546,0.539,0.211,0.25,0.509,0.563,0.159,0.0,-1.0,-1.0,0.0,0.0,0
352,704,11.7333,0.5422,0.1578,"120,140,176",0.1296,0.3213,0.0005,-0.0045,0.5,0.517,0.969,0.0486,0.679,0.472,0.288,0.289,0.672,0.504,0.171,0.0373,0.375,0.501,0.281,0.35,0.367,0.492,0.163,0.0516,0.543,0.477,0.406,0.35,0.512,0.431,0.192,0.0362,0.542,0.528,0.347,0.3,0.501,0.561,0.141,0.0,-1.0,-1.0,0.0,0.0,0
353,706,11.7667,0.5358,0.151,"127,134,170",0.1954,0.3486,-0.0002,-0.0022,0.541,0.556,0.941,0.0329,0.742,0.483,0.219,0.367,0.81,0.408,0.128,0.0526,0.44,0.446,0.178,0.311,0.427,0.441,0.193,0.098,0.489,0.357,0.388,0.505,0.5,0.372,0.273,0.0152,0.547,0.566,0.134,0.15,0.539,0.565,0.093,0.0039,0.467,0.438,0.072,0.211,0
354,708,11.8,0.5274,0.1521,"129,130,165",0.1171,0.3434,-0.0026,-0.0043,0.534,0.561,0.928,0.0086,0.718,0.559,0.459,0.35,0.799,0.593,0.065,0.0702,0.563,0.429,0.353,0.322,0.638,0.377,0.186,0.1105,0.596,0.331,0.344,0.533,0.58,0.369,0.297,0.0143,0.563,0.532,0.347,0.261,0.522,0.578,0.095,0.0038,0.645,0.401,0.094,0.217,0
355,710,11.8333,0.5205,0.1532,"125,129,164",0.1416,0.3371,-0.002,-0.0033,0.537,0.572,0.891,0.0105,0.488,0.477,0.288,0.417,0.35,0.43,0.055,0.0709,0.603,0.461,0.438,0.222,0.599,0.461,0.229,0.0673,0.618,0.418,0.391,0.389,0.613,0.376,0.19,0.019,0.573,0.549,0.391,0.244,0.543,0.582,0.116,0.0019,0.7,0.484,0.423,0.179,0
356,712,11.8667,0.5206,0.1456,"118,132,168",0.1512,0.3226,0.0011,-0.0069,0.544,0.55,0.922,0.0245,0.534,0.435,0.494,0.406,0.482,0.35,0.107,0.0559,0.597,0.469,0.375,0.217,0.601,0.473,0.197,0.0457,0.543,0.499,0.394,0.283,0.541,0.499,0.21,0.0229,0.506,0.592,0.138,0.161,0.504,0.595,0.128,0.0,-1.0,-1.0,0.0,0.0,0
357,714,11.9,0.5306,0.1509,"115,137,174",0.1138,0.3254,0.0003,-0.0041,0.528,0.528,0.964,0.0406,0.491,0.455,0.472,0.306,0.442,0.465,0.171,0.0261,0.602,0.457,0.291,0.239,0.6,0.46,0.144,0.0473,0.577,0.482,0.328,0.267,0.585,0.481,0.202,0.0341,0.497,0.573,0.125,0.178,0.501,0.573,0.148,0.0,-1.0,-1.0,0.0,0.0,0
358,716,11.9333,0.5215,0.1403,"110,136,173",0.1077,0.3214,0.0011,-0.0023,0.522,0.522,0.918,0.0565,0.421,0.426,0.412,0.261,0.435,0.429,0.209,0.0225,0.655,0.443,0.188,0.172,0.65,0.445,0.135,0.0544,0.56,0.494,0.266,0.278,0.582,0.492,0.215,0.0092,0.492,0.578,0.084,0.177,0.508,0.587,0.08,0.0,-1.0,-1.0,0.0,0.0,0
359,718,11.9667,0.531,0.1445,"109,140,176",0.0902,0.3263,0.0003,-0.0005,0.5,0.528,0.969,0.0601,0.52,0.401,0.363,0.261,0.511,0.402,0.218,0.012,0.68,0.503,0.115,0.189,0.696,0.492,0.098,0.0376,0.557,0.516,0.325,0.3,0.663,0.487,0.144,0.0215,0.5,0.56,0.097,0.183,0.51,0.581,0.117,0.0,-1.0,-1.0,0.0,0.0,0
360,720,12.0,0.5436,0.1507,"112,144,178",0.0841,0.3334,-0.0004,-0.0032,0.519,0.511,0.974,0.0548,0.591,0.442,0.431,0.2,0.573,0.44,0.201,0.0124,0.506,0.475,0.272,0.361,0.552,0.319,0.075,0.0266,0.516,0.52,0.316,0.35,0.525,0.341,0.099,0.0343,0.51,0.561,0.141,0.222,0.51,0.569,0.15,0.0,-1.0,-1.0,0.0,0.0,0
361,722,12.0333,0.5406,0.1536,"115,141,176",0.0979,0.3256,-0.0004,-0.0032,0.509,0.506,0.976,0.0327,0.623,0.483,0.25,0.306,0.63,0.486,0.16,0.0194,0.447,0.495,0.444,0.311,0.337,0.557,0.097,0.0409,0.533,0.465,0.37,0.3,0.524,0.456,0.185,0.0421,0.504,0.532,0.134,0.244,0.507,0.536,0.169,0.0002,0.31,0.556,0.006,0.022,0
362,724,12.0667,0.5343,0.1502,"118,138,172",0.0993,0.3267,0.002,-0.0072,0.509,0.506,0.976,0.0243,0.637,0.466,0.178,0.3,0.662,0.417,0.111,0.0375,0.378,0.478,0.172,0.217,0.34,0.476,0.156,0.0445,0.516,0.438,0.378,0.317,0.512,0.449,0.2,0.0334,0.519,0.51,0.147,0.267,0.524,0.493,0.147,0.0006,0.339,0.419,0.099,0.059,0
363,726,12.1,0.5254,0.1445,"122,133,167",0.1323,0.3446,-0.0012,-0.0053,0.525,0.594,0.902,0.0074,0.486,0.543,0.492,0.211,0.312,0.527,0.04,0.0618,0.499,0.409,0.284,0.267,0.541,0.379,0.178,0.0687,0.561,0.381,0.344,0.4,0.546,0.401,0.245,0.0165,0.541,0.558,0.241,0.183,0.503,0.583,0.098,0.0011,0.568,0.401,0.064,0.114,0
364,728,12.1333,0.5203,0.1422,"117,133,167",0.1339,0.3339,-0.0006,-0.0034,0.516,0.544,0.907,0.0149,0.464,0.515,0.281,0.356,0.431,0.602,0.084,0.0498,0.564,0.433,0.425,0.206,0.425,0.404,0.146,0.0428,0.556,0.439,0.381,0.278,0.555,0.442,0.189,0.0093,0.505,0.532,0.16,0.106,0.512,0.535,0.077,0.0027,0.495,0.514,0.478,0.063,0
365,730,12.1667,0.5264,0.1434,"112,137,173",0.1511,0.3288,0.0005,-0.0066,0.506,0.511,0.978,0.0318,0.451,0.474,0.375,0.311,0.357,0.558,0.122,0.0217,0.549,0.422,0.291,0.222,0.544,0.373,0.094,0.0449,0.542,0.436,0.374,0.209,0.551,0.428,0.201,0.0212,0.501,0.528,0.1,0.139,0.511,0.534,0.116,0.0002,0.547,0.959,0.015,0.01,0
366,732,12.2,0.5335,0.1448,"112,140,176",0.0818,0.3254,0.0015,-0.0059,0.487,0.5,0.976,0.0452,0.432,0.442,0.345,0.272,0.433,0.423,0.183,0.0124,0.596,0.398,0.219,0.111,0.599,0.393,0.099,0.0407,0.566,0.465,0.275,0.261,0.582,0.464,0.181,0.0272,0.484,0.524,0.122,0.172,0.498,0.536,0.127,0.0005,0.531,0.973,0.029,0.018,0
367,734,12.2333,0.5454,0.1383,"111,144,180",0.1128,0.3363,-0.0012,-0.0023,0.475,0.472,0.92,0.0707,0.537,0.41,0.375,0.311,0.523,0.395,0.227,0.0022,0.391,0.4,0.4,0.128,0.329,0.398,0.039,0.0385,0.532,0.49,0.316,0.289,0.666,0.499,0.108,0.0165,0.521,0.507,0.166,0.274,0.504,0.539,0.099,0.0004,0.527,0.95,0.03,0.018,0
368,736,12.2667,0.5385,0.1487,"110,143,177",0.104,0.33,-0.001,-0.0015,0.494,0.494,0.967,0.0748,0.652,0.432,0.472,0.294,0.648,0.44,0.245,0.0131,0.44,0.458,0.275,0.327,0.401,0.333,0.075,0.0311,0.512,0.483,0.325,0.278,0.635,0.468,0.116,0.023,0.531,0.493,0.288,0.172,0.512,0.512,0.112,0.0004,0.527,0.931,0.028,0.011,0
369,738,12.3,0.542,0.154,"112,143,177",0.0675,0.3242,-0.0001,0.0007,0.497,0.5,0.98,0.0595,0.671,0.443,0.369,0.294,0.688,0.45,0.211,0.0116,0.425,0.447,0.306,0.294,0.409,0.328,0.071,0.0303,0.469,0.483,0.331,0.3,0.398,0.476,0.148,0.0332,0.52,0.512,0.109,0.194,0.509,0.519,0.141,0.0003,0.531,0.926,0.032,0.029,0
370,740,12.3333,0.5252,0.1476,"112,137,171",0.1091,0.3229,-0.0003,-0.0028,0.497,0.494,0.975,0.0391,0.663,0.459,0.272,0.272,0.712,0.485,0.153,0.0291,0.376,0.453,0.217,0.25,0.358,0.446,0.141,0.0386,0.519,0.45,0.347,0.272,0.509,0.454,0.197,0.0215,0.507,0.477,0.119,0.194,0.496,0.464,0.112,0.0008,0.395,0.58,0.222,0.506,0
371,742,12.3667,0.5157,0.1444,"111,134,167",0.0772,0.3229,-0.0002,-0.0053,0.481,0.5,0.93,0.0357,0.665,0.429,0.219,0.233,0.622,0.429,0.127,0.0414,0.374,0.422,0.141,0.25,0.375,0.42,0.175,0.0378,0.517,0.412,0.35,0.317,0.503,0.42,0.186,0.0113,0.527,0.509,0.15,0.156,0.529,0.507,0.092,0.0018,0.402,0.454,0.198,0.592,0
372,744,12.4,0.513,0.1497,"113,133,165",0.0767,0.3301,-0.0001,-0.0045,0.537,0.556,0.917,0.026,0.702,0.419,0.153,0.25,0.723,0.42,0.141,0.0501,0.47,0.37,0.194,0.239,0.468,0.377,0.193,0.0343,0.547,0.412,0.303,0.333,0.569,0.37,0.16,0.0154,0.521,0.548,0.153,0.106,0.52,0.551,0.107,0.0048,0.405,0.479,0.278,0.203,0
373,746,12.4333,0.5114,0.1521,"114,132,162",0.093,0.3292,0.0007,-0.0055,0.5,0.506,0.976,0.0108,0.648,0.429,0.453,0.372,0.778,0.388,0.081,0.0568,0.56,0.385,0.316,0.194,0.554,0.39,0.203,0.031,0.562,0.425,0.366,0.3,0.551,0.421,0.179,0.019,0.508,0.514,0.112,0.12,0.512,0.52,0.115,0.0019,0.579,0.642,0.175,0.612,0
374,748,12.4667,0.5153,0.1504,"114,133,163",0.0864,0.3237,-0.0002,-0.0055,0.5,0.5,0.979,0.0108,0.48,0.461,0.291,0.339,0.429,0.599,0.061,0.055,0.586,0.403,0.35,0.172,0.586,0.403,0.199,0.0306,0.56,0.434,0.4,0.261,0.541,0.397,0.164,0.0214,0.511,0.51,0.144,0.1,0.514,0.516,0.124,0.0008,0.637,0.678,0.224,0.481,0
375,750,12.5,0.5235,0.1497,"114,136,168",0.0856,0.323,0.0002,-0.0044,0.497,0.5,0.978,0.0174,0.516,0.444,0.384,0.317,0.656,0.316,0.073,0.0382,0.597,0.417,0.312,0.189,0.658,0.431,0.14,0.029,0.53,0.427,0.353,0.25,0.538,0.421,0.17,0.0219,0.497,0.508,0.125,0.111,0.502,0.513,0.123,0.0005,0.523,0.617,0.05,0.662,0
376,752,12.5333,0.5359,0.1515,"114,141,173",0.0963,0.3283,0.0003,-0.004,0.503,0.494,0.98,0.034,0.462,0.447,0.444,0.267,0.338,0.49,0.128,0.02,0.627,0.435,0.244,0.189,0.655,0.453,0.116,0.0352,0.542,0.41,0.281,0.239,0.554,0.404,0.175,0.0289,0.506,0.506,0.109,0.167,0.509,0.513,0.137,0.0002,0.536,0.802,0.056,0.165,0
377,754,12.5667,0.5443,0.1502,"114,143,176",0.0791,0.3282,0.0004,-0.0069,0.503,0.489,0.98,0.0535,0.422,0.431,0.447,0.289,0.339,0.458,0.18,0.0156,0.648,0.431,0.103,0.172,0.657,0.438,0.106,0.0322,0.55,0.41,0.212,0.256,0.561,0.415,0.17,0.0306,0.5,0.495,0.108,0.178,0.504,0.5,0.138,0.0003,0.565,0.734,0.208,0.439,0
378,756,12.6,0.5414,0.143,"113,143,174",0.0945,0.3278,-0.0011,-0.0034,0.5,0.506,0.962,0.0491,0.421,0.39,0.45,0.311,0.342,0.344,0.154,0.0152,0.652,0.453,0.109,0.156,0.647,0.459,0.108,0.0312,0.557,0.402,0.191,0.256,0.569,0.408,0.166,0.0176,0.467,0.477,0.156,0.193,0.495,0.498,0.104,0.0005,0.523,0.844,0.026,0.113,0
379,758,12.6333,0.538,0.1333,"108,144,175",0.1013,0.3267,-0.0015,-0.0069,0.494,0.489,0.93,0.0616,0.473,0.37,0.234,0.294,0.452,0.369,0.211,0.0082,0.662,0.449,0.084,0.094,0.662,0.45,0.083,0.0202,0.596,0.427,0.172,0.25,0.622,0.421,0.132,0.0094,0.487,0.476,0.088,0.251,0.501,0.509,0.065,0.0003,0.529,0.806,0.021,0.111,0
380,760,12.6667,0.5334,0.1344,"106,143,174",0.0944,0.3274,-0.0008,-0.0073,0.5,0.472,0.947,0.0535,0.515,0.378,0.272,0.233,0.503,0.378,0.2,0.0025,0.592,0.45,0.281,0.2,0.691,0.457,0.039,0.0197,0.57,0.457,0.253,0.238,0.648,0.441,0.108,0.0127,0.495,0.445,0.128,0.228,0.499,0.48,0.093,0.0005,0.521,0.8,0.02,0.067,0
381,762,12.7,0.5435,0.1438,"109,146,175",0.0773,0.3344,-0.0004,-0.0106,0.506,0.483,0.973,0.0555,0.576,0.37,0.397,0.194,0.562,0.37,0.209,0.0035,0.462,0.504,0.212,0.078,0.411,0.512,0.051,0.0144,0.501,0.472,0.244,0.285,0.428,0.516,0.086,0.028,0.516,0.462,0.116,0.194,0.505,0.465,0.131,0.0005,0.516,0.791,0.023,0.044,0
382,764,12.7333,0.5396,0.138,"109,145,173",0.0774,0.3292,0.0,-0.0043,0.506,0.467,0.944,0.0494,0.585,0.358,0.431,0.161,0.568,0.356,0.2,0.0062,0.469,0.486,0.241,0.097,0.406,0.489,0.065,0.0174,0.48,0.484,0.235,0.144,0.404,0.493,0.094,0.0156,0.519,0.442,0.131,0.172,0.502,0.444,0.112,0.0004,0.517,0.774,0.025,0.054,0
383,766,12.7667,0.539,0.1314,"110,144,173",0.0702,0.3294,-0.0006,-0.0105,0.509,0.45,0.916,0.044,0.588,0.359,0.384,0.183,0.564,0.352,0.193,0.0082,0.397,0.47,0.272,0.1,0.369,0.463,0.08,0.0219,0.464,0.475,0.247,0.139,0.444,0.488,0.137,0.0108,0.517,0.444,0.133,0.206,0.516,0.457,0.093,0.0003,0.518,0.748,0.019,0.06,0
384,768,12.8,0.5411,0.1375,"112,144,171",0.0801,0.3302,-0.0005,-0.0095,0.519,0.444,0.953,0.0369,0.605,0.357,0.328,0.211,0.598,0.35,0.174,0.0186,0.364,0.434,0.088,0.139,0.365,0.434,0.115,0.0151,0.46,0.452,0.293,0.216,0.389,0.445,0.104,0.0252,0.512,0.429,0.109,0.178,0.514,0.435,0.132,0.0003,0.518,0.735,0.012,0.039,0
385,770,12.8333,0.5414,0.1419,"114,144,170",0.0577,0.3295,-0.0004,-0.0049,0.509,0.456,0.96,0.0309,0.635,0.353,0.212,0.206,0.648,0.354,0.154,0.0239,0.379,0.393,0.1,0.167,0.38,0.393,0.128,0.0133,0.445,0.425,0.257,0.289,0.397,0.405,0.108,0.0262,0.514,0.44,0.106,0.189,0.515,0.445,0.135,0.0003,0.516,0.717,0.014,0.039,0
386,772,12.8667,0.5287,0.1371,"114,139,165",0.0895,0.3327,0.0003,-0.0097,0.544,0.472,0.949,0.0187,0.659,0.36,0.134,0.189,0.67,0.351,0.129,0.0391,0.439,0.343,0.15,0.206,0.438,0.347,0.164,0.0243,0.486,0.401,0.194,0.322,0.49,0.308,0.114,0.0123,0.539,0.479,0.084,0.133,0.549,0.48,0.091,0.0003,0.504,0.602,0.025,0.339,0
387,774,12.9,0.5265,0.1377,"114,138,163",0.0755,0.3319,0.0,-0.0063,0.506,0.478,0.955,0.0095,0.652,0.369,0.366,0.136,0.704,0.363,0.092,0.0428,0.486,0.317,0.206,0.2,0.485,0.324,0.176,0.0222,0.519,0.379,0.228,0.306,0.533,0.348,0.13,0.0115,0.511,0.453,0.166,0.094,0.485,0.462,0.082,0.0005,0.456,0.538,0.212,0.476,0
388,776,12.9333,0.5272,0.1433,"115,138,162",0.0783,0.3308,-0.0008,-0.0106,0.497,0.461,0.962,0.0027,0.58,0.475,0.612,0.281,0.715,0.422,0.035,0.0399,0.529,0.309,0.269,0.183,0.522,0.312,0.173,0.0235,0.532,0.341,0.3,0.272,0.539,0.339,0.152,0.0193,0.504,0.44,0.106,0.128,0.499,0.445,0.114,0.0014,0.531,0.468,0.084,0.456,0
389,778,12.9667,0.5227,0.1411,"113,138,161",0.0685,0.3257,-0.0002,-0.0109,0.506,0.45,0.955,0.0049,0.563,0.436,0.419,0.228,0.593,0.442,0.036,0.0421,0.561,0.325,0.297,0.167,0.555,0.328,0.178,0.0172,0.538,0.351,0.328,0.222,0.541,0.362,0.135,0.0177,0.496,0.434,0.109,0.124,0.501,0.443,0.112,0.0009,0.604,0.397,0.14,0.422,0
390,780,13.0,0.5227,0.1443,"112,138,161",0.0613,0.3231,-0.0002,-0.0052,0.506,0.456,0.965,0.0058,0.519,0.458,0.306,0.15,0.606,0.431,0.047,0.0379,0.593,0.32,0.322,0.172,0.582,0.323,0.177,0.021,0.54,0.324,0.344,0.228,0.536,0.322,0.164,0.0219,0.497,0.424,0.109,0.133,0.499,0.426,0.12,0.0018,0.613,0.367,0.202,0.394,0
391,782,13.0333,0.5275,0.1399,"112,140,163",0.0653,0.3253,-0.0003,-0.0098,0.506,0.45,0.962,0.0073,0.497,0.455,0.247,0.167,0.415,0.483,0.063,0.0274,0.598,0.303,0.26,0.156,0.64,0.301,0.131,0.0238,0.52,0.31,0.303,0.222,0.518,0.291,0.156,0.0209,0.494,0.415,0.106,0.133,0.494,0.416,0.116,0.0008,0.664,0.416,0.206,0.327,0
392,784,13.0667,0.5294,0.1374,"111,141,163",0.0569,0.3267,-0.0001,-0.0093,0.503,0.45,0.959,0.0064,0.512,0.424,0.359,0.133,0.404,0.457,0.052,0.0226,0.609,0.31,0.25,0.178,0.64,0.316,0.124,0.0221,0.517,0.295,0.275,0.206,0.511,0.276,0.151,0.0199,0.492,0.401,0.097,0.15,0.499,0.409,0.115,0.0005,0.633,0.439,0.209,0.389,0
393,786,13.1,0.5302,0.1368,"111,141,163",0.0441,0.3241,-0.0002,-0.0069,0.503,0.439,0.956,0.0065,0.464,0.421,0.366,0.143,0.395,0.414,0.078,0.021,0.622,0.319,0.141,0.189,0.641,0.343,0.111,0.0206,0.535,0.283,0.247,0.233,0.535,0.259,0.139,0.0191,0.491,0.396,0.088,0.144,0.498,0.403,0.114,0.0007,0.617,0.335,0.157,0.367,0
394,788,13.1333,0.5382,0.1459,"112,144,165",0.0719,0.3305,-0.0013,-0.0112,0.506,0.45,0.961,0.0083,0.398,0.386,0.119,0.144,0.374,0.385,0.085,0.0143,0.635,0.334,0.059,0.228,0.641,0.358,0.095,0.0201,0.546,0.28,0.228,0.244,0.564,0.266,0.141,0.0326,0.497,0.381,0.122,0.172,0.502,0.385,0.143,0.0004,0.589,0.455,0.203,0.338,0
395,790,13.1667,0.5271,0.1275,"108,141,163",0.1008,0.327,-0.0009,-0.0088,0.497,0.383,0.887,0.0162,0.386,0.375,0.094,0.139,0.373,0.368,0.111,0.0148,0.632,0.338,0.062,0.194,0.63,0.343,0.105,0.0138,0.568,0.282,0.175,0.292,0.574,0.307,0.108,0.0101,0.488,0.363,0.094,0.1,0.496,0.362,0.087,0.0002,0.541,0.517,0.181,0.361,0
396,792,13.2,0.5305,0.1316,"108,143,164",0.0622,0.3266,0.0001,-0.0092,0.497,0.4,0.919,0.0183,0.372,0.355,0.094,0.161,0.361,0.35,0.115,0.0121,0.634,0.341,0.079,0.183,0.635,0.342,0.099,0.0119,0.596,0.305,0.102,0.3,0.615,0.319,0.114,0.0186,0.49,0.352,0.094,0.122,0.496,0.353,0.111,0.0001,0.495,0.599,0.011,0.011,0
397,794,13.2333,0.5294,0.1279,"108,143,164",0.0514,0.323,-0.0004,-0.0059,0.491,0.378,0.892,0.0252,0.381,0.332,0.103,0.189,0.37,0.317,0.134,0.0107,0.626,0.356,0.103,0.151,0.626,0.354,0.1,0.0111,0.598,0.317,0.109,0.244,0.614,0.325,0.118,0.0127,0.49,0.348,0.072,0.117,0.497,0.349,0.092,0.0001,-1.0,-1.0,0.0,0.0,0
398,796,13.2667,0.5334,0.1303,"108,144,164",0.0652,0.3263,-0.0007,-0.0067,0.494,0.394,0.906,0.0272,0.387,0.302,0.103,0.218,0.375,0.294,0.137,0.0078,0.621,0.351,0.112,0.139,0.637,0.33,0.077,0.0108,0.595,0.348,0.131,0.217,0.605,0.347,0.111,0.0162,0.485,0.347,0.081,0.128,0.494,0.353,0.103,0.0002,0.494,0.572,0.012,0.033,0
399,798,13.3,0.5366,0.1339,"108,145,165",0.052,0.327,-0.0002,-0.0046,0.491,0.4,0.91,0.0321,0.401,0.263,0.125,0.261,0.39,0.255,0.157,0.0061,0.612,0.354,0.081,0.109,0.607,0.364,0.074,0.011,0.578,0.362,0.134,0.188,0.558,0.392,0.083,0.0162,0.472,0.34,0.1,0.15,0.485,0.351,0.099,0.0002,0.549,0.473,0.093,0.164,0
400,800,13.3333,0.5353,0.1306,"107,145,165",0.0532,0.3251,-0.001,-0.0037,0.484,0.378,0.877,0.0462,0.424,0.227,0.162,0.261,0.414,0.229,0.182,0.006,0.6,0.364,0.103,0.107,0.602,0.367,0.076,0.0097,0.561,0.371,0.129,0.156,0.543,0.386,0.086,0.0099,0.466,0.343,0.112,0.183,0.491,0.36,0.074,0.0004,0.569,0.419,0.009,0.028,0
401,802,13.3667,0.5405,0.1324,"107,147,167",0.07,0.3296,-0.0005,-0.0054,0.487,0.394,0.881,0.0583,0.462,0.201,0.205,0.267,0.452,0.208,0.209,0.0021,0.611,0.368,0.076,0.067,0.608,0.365,0.052,0.0096,0.564,0.374,0.097,0.148,0.578,0.368,0.095,0.0135,0.466,0.329,0.094,0.194,0.469,0.35,0.093,0.0002,0.494,0.548,0.011,0.03,0
402,804,13.4,0.5423,0.1311,"107,148,168",0.0755,0.3287,-0.0005,-0.0045,0.491,0.361,0.855,0.0673,0.505,0.185,0.241,0.272,0.494,0.19,0.22,0.0,-1.0,-1.0,0.0,0.0,-1.0,-1.0,0.0,0.009,0.553,0.392,0.147,0.094,0.565,0.389,0.089,0.0126,0.475,0.312,0.088,0.189,0.469,0.325,0.09,0.0,-1.0,-1.0,0.0,0.0,0
403,806,13.4333,0.5443,0.1322,"108,148,169",0.0551,0.3279,-0.0007,-0.0044,0.503,0.389,0.876,0.0749,0.538,0.185,0.259,0.267,0.524,0.188,0.229,0.0,-1.0,-1.0,0.0,0.0,-1.0,-1.0,0.0,0.0079,0.526,0.406,0.153,0.114,0.525,0.411,0.087,0.0144,0.478,0.315,0.072,0.183,0.479,0.313,0.1,0.0001,0.491,0.547,0.011,0.017,0
404,808,13.4667,0.5459,0.1351,"108,149,168",0.0503,0.3291,0.0003,-0.0039,0.506,0.389,0.887,0.0739,0.571,0.189,0.278,0.283,0.56,0.203,0.232,0.0,-1.0,-1.0,0.0,0.0,-1.0,-1.0,0.0,0.0092,0.483,0.408,0.125,0.117,0.463,0.416,0.079,0.0167,0.492,0.309,0.075,0.167,0.494,0.31,0.105,0.0001,0.49,0.534,0.011,0.025,0
405,810,13.5,0.547,0.1379,"109,149,168",0.053,0.3279,-0.0002,-0.0021,0.506,0.383,0.87,0.0691,0.598,0.191,0.275,0.283,0.59,0.203,0.228,0.0,-1.0,-1.0,0.0,0.0,-1.0,-1.0,0.0,0.0077,0.471,0.403,0.128,0.111,0.452,0.405,0.076,0.0217,0.513,0.305,0.094,0.178,0.501,0.313,0.122,0.0,-1.0,-1.0,0.0,0.0,0
406,812,13.5333,0.5471,0.141,"109,149,168",0.0534,0.3265,0.0003,-0.0005,0.503,0.389,0.906,0.0639,0.615,0.199,0.253,0.261,0.604,0.204,0.222,0.0,-1.0,-1.0,0.0,0.0,0.397,0.367,0.009,0.0065,0.449,0.398,0.125,0.117,0.439,0.401,0.073,0.024,0.506,0.325,0.1,0.167,0.499,0.333,0.123,0.0001,0.491,0.544,0.014,0.028,0
407,814,13.5667,0.5377,0.132,"107,146,167",0.075,0.3227,-0.0005,-0.0006,0.497,0.35,0.814,0.0655,0.634,0.227,0.259,0.239,0.623,0.226,0.222,0.0011,0.404,0.371,0.05,0.056,0.394,0.36,0.031,0.0108,0.454,0.381,0.125,0.099,0.436,0.382,0.088,0.0127,0.523,0.32,0.231,0.156,0.502,0.333,0.095,0.0,-1.0,-1.0,0.0,0.0,0
408,816,13.6,0.5344,0.1337,"106,145,166",0.0556,0.3229,-0.0006,-0.001,0.497,0.356,0.86,0.0611,0.651,0.246,0.272,0.233,0.655,0.243,0.208,0.0042,0.412,0.372,0.053,0.078,0.413,0.374,0.064,0.0082,0.461,0.387,0.147,0.117,0.429,0.373,0.082,0.0151,0.518,0.323,0.194,0.194,0.497,0.336,0.1,0.0001,-1.0,-1.0,0.0,0.0,0
409,818,13.6333,0.5341,0.1337,"106,145,166",0.0508,0.3248,-0.0003,0.0006,0.481,0.367,0.86,0.0564,0.686,0.254,0.222,0.239,0.678,0.252,0.205,0.0042,0.396,0.365,0.038,0.078,0.395,0.367,0.059,0.0068,0.455,0.377,0.156,0.122,0.417,0.375,0.073,0.0146,0.492,0.323,0.106,0.167,0.49,0.316,0.113,0.0,-1.0,-1.0,0.0,0.0,0
410,820,13.6667,0.5355,0.1349,"107,145,166",0.0493,0.3247,-0.0005,-0.0006,0.487,0.361,0.867,0.0514,0.698,0.262,0.212,0.244,0.687,0.257,0.198,0.0047,0.377,0.356,0.041,0.083,0.377,0.359,0.062,0.0079,0.431,0.375,0.128,0.121,0.422,0.373,0.064,0.017,0.487,0.32,0.101,0.178,0.485,0.32,0.115,0.0,-1.0,-1.0,0.0,0.0,0
411,822,13.7,0.5421,0.1405,"110,146,167",0.0565,0.3279,-0.0011,-0.001,0.487,0.389,0.901,0.0465,0.716,0.265,0.181,0.25,0.713,0.261,0.187,0.0038,0.357,0.355,0.044,0.086,0.358,0.358,0.057,0.0107,0.413,0.384,0.123,0.124,0.391,0.373,0.092,0.0283,0.489,0.316,0.106,0.222,0.484,0.307,0.143,0.0,-1.0,-1.0,0.0,0.0,0
412,824,13.7333,0.5339,0.1332,"107,145,164",0.0745,0.3232,-0.0001,-0.0001,0.478,0.35,0.844,0.0456,0.713,0.245,0.253,0.206,0.707,0.234,0.186,0.0062,0.378,0.365,0.059,0.083,0.378,0.366,0.073,0.0074,0.437,0.391,0.144,0.133,0.42,0.379,0.071,0.013,0.505,0.324,0.106,0.133,0.498,0.333,0.102,0.0001,0.366,0.407,0.073,0.089,0
413,826,13.7667,0.5354,0.1349,"108,145,164",0.0479,0.3252,-0.0002,0.0001,0.491,0.372,0.886,0.0437,0.731,0.241,0.228,0.217,0.727,0.235,0.184,0.0076,0.368,0.364,0.059,0.085,0.369,0.366,0.078,0.0069,0.411,0.396,0.128,0.128,0.395,0.393,0.087,0.0162,0.511,0.322,0.134,0.128,0.49,0.329,0.098,0.0,-1.0,-1.0,0.0,0.0,0
414,828,13.8,0.5386,0.138,"109,146,165",0.048,0.3267,-0.001,-0.0002,0.491,0.372,0.889,0.0403,0.754,0.248,0.212,0.239,0.75,0.241,0.178,0.0076,0.353,0.364,0.066,0.089,0.355,0.367,0.078,0.0066,0.389,0.416,0.146,0.111,0.363,0.407,0.072,0.0207,0.513,0.319,0.291,0.139,0.486,0.317,0.119,0.0,-1.0,-1.0,0.0,0.0,0
415,830,13.8333,0.5416,0.1399,"110,146,166",0.0535,0.3267,-0.0001,0.0005,0.491,0.383,0.906,0.0445,0.769,0.256,0.203,0.244,0.771,0.248,0.179,0.0079,0.338,0.362,0.062,0.089,0.339,0.364,0.078,0.0074,0.381,0.408,0.144,0.133,0.374,0.408,0.09,0.025,0.491,0.332,0.106,0.156,0.488,0.336,0.129,0.0,-1.0,-1.0,0.0,0.0,0
416,832,13.8667,0.5392,0.1374,"109,146,165",0.0442,0.3215,0.0,0.001,0.494,0.383,0.903,0.0443,0.783,0.247,0.178,0.217,0.784,0.243,0.178,0.0093,0.335,0.363,0.072,0.094,0.337,0.363,0.085,0.0073,0.383,0.417,0.188,0.128,0.383,0.415,0.094,0.0245,0.49,0.336,0.109,0.167,0.491,0.339,0.127,0.0,-1.0,-1.0,0.0,0.0,0
417,834,13.9,0.5381,0.1374,"109,145,164",0.0497,0.3225,0.0004,-0.0008,0.494,0.389,0.91,0.0339,0.795,0.262,0.169,0.2,0.795,0.246,0.161,0.0085,0.326,0.371,0.066,0.089,0.326,0.373,0.082,0.0081,0.377,0.414,0.185,0.135,0.412,0.389,0.076,0.0271,0.494,0.324,0.106,0.167,0.489,0.323,0.133,0.0,-1.0,-1.0,0.0,0.0,0
418,836,13.9333,0.5377,0.1367,"109,145,164",0.0559,0.3221,-0.0008,-0.0007,0.5,0.389,0.91,0.0319,0.802,0.277,0.153,0.19,0.811,0.259,0.151,0.01,0.314,0.375,0.069,0.094,0.312,0.378,0.089,0.0084,0.367,0.421,0.234,0.121,0.421,0.4,0.07,0.0253,0.498,0.319,0.091,0.172,0.494,0.327,0.127,0.0001,-1.0,-1.0,0.0,0.0,0
419,838,13.9667,0.5358,0.1326,"109,144,164",0.0503,0.3198,-0.0004,-0.0001,0.494,0.383,0.905,0.0305,0.808,0.278,0.148,0.189,0.82,0.265,0.147,0.0117,0.302,0.375,0.078,0.111,0.302,0.378,0.096,0.0084,0.329,0.422,0.203,0.139,0.276,0.44,0.073,0.0215,0.509,0.331,0.097,0.144,0.496,0.337,0.115,0.0,-1.0,-1.0,0.0,0.0,0
420,840,14.0,0.5327,0.1273,"108,144,163",0.0571,0.3204,-0.0001,0.0003,0.484,0.356,0.848,0.0265,0.817,0.271,0.125,0.209,0.82,0.261,0.142,0.0124,0.293,0.372,0.084,0.106,0.294,0.375,0.099,0.0077,0.338,0.406,0.262,0.178,0.273,0.445,0.07,0.0116,0.556,0.333,0.441,0.161,0.497,0.354,0.088,0.0,-1.0,-1.0,0.0,0.0,0
421,842,14.0333,0.5146,0.1324,"104,139,158",0.1039,0.304,-0.0001,-0.0001,0.484,0.367,0.865,0.0214,0.83,0.268,0.1,0.194,0.832,0.258,0.13,0.0133,0.283,0.372,0.084,0.102,0.285,0.37,0.099,0.0078,0.352,0.414,0.297,0.15,0.274,0.436,0.067,0.0176,0.543,0.32,0.45,0.156,0.476,0.323,0.108,0.0002,0.491,0.524,0.011,0.028,0
422,844,14.0667,0.4507,0.132,"87,123,143",0.3456,0.2525,0.0003,0.0004,0.484,0.389,0.834,0.0174,0.84,0.284,0.088,0.2,0.849,0.277,0.117,0.0127,0.275,0.368,0.078,0.106,0.278,0.37,0.098,0.0078,0.32,0.415,0.212,0.128,0.288,0.415,0.083,0.0099,0.484,0.336,0.066,0.128,0.49,0.337,0.092,0.0019,0.492,0.542,0.019,0.069,0
423,846,14.1,0.3735,0.1261,"67,103,124",0.2376,0.2045,0.0,-0.0003,0.487,0.378,0.752,0.0124,0.844,0.305,0.069,0.128,0.84,0.31,0.094,0.0125,0.265,0.357,0.078,0.111,0.266,0.359,0.096,0.0105,0.324,0.409,0.25,0.144,0.276,0.39,0.096,0.0001,0.132,0.109,0.255,0.197,0.099,0.029,0.013,0.0032,0.492,0.537,0.028,0.078,0
424,848,14.1333,0.2457,0.123,"36,70,92",0.5304,0.1278,-0.0001,0.0011,0.487,0.383,0.629,0.0002,0.844,0.342,0.038,0.111,0.855,0.374,0.021,0.0089,0.254,0.355,0.069,0.106,0.258,0.36,0.087,0.0075,0.359,0.4,0.316,0.194,0.468,0.445,0.07,0.0001,0.132,0.109,0.255,0.197,0.099,0.029,0.013,0.0055,0.506,0.607,0.134,0.381,1
425,850,14.1667,0.0998,0.0947,"12,27,50",0.5352,0.0651,0.0011,0.0003,0.478,0.372,0.455,0.0,-1.0,-1.0,0.0,0.0,-1.0,-1.0,0.0,0.0085,0.236,0.346,0.062,0.1,0.236,0.346,0.082,0.0091,0.435,0.387,0.325,0.198,0.44,0.432,0.074,0.0001,0.132,0.109,0.255,0.197,0.099,0.029,0.013,0.2035,0.382,0.793,0.638,0.444,1
426,852,14.2,0.0292,0.059,"5,5,21",0.5892,0.0297,0.0013,0.0006,0.484,0.367,0.308,0.0,-1.0,-1.0,0.0,0.0,-1.0,-1.0,0.0,0.0051,0.223,0.348,0.069,0.094,0.224,0.348,0.073,0.0072,0.472,0.379,0.147,0.233,0.493,0.352,0.085,0.0001,0.132,0.109,0.255,0.197,0.099,0.029,0.013,0.5318,0.427,0.693,0.738,0.539,1
427,854,14.2333,0.0081,0.0286,"2,1,4",0.4533,0.0137,0.0007,0.0031,0.487,0.356,0.074,0.0,-1.0,-1.0,0.0,0.0,-1.0,-1.0,0.0,0.0,-1.0,-1.0,0.0,0.0,-1.0,-1.0,0.0,0.0,-1.0,-1.0,0.0,0.0,-1.0,-1.0,0.0,0.0001,0.129,0.121,0.266,0.261,0.099,0.029,0.013,0.9356,0.491,0.51,0.8,0.794,1
428,856,14.2667,0.0066,0.0275,"2,1,3",0.2501,0.0057,-0.0,-0.0,0.494,0.45,0.05,0.0,-1.0,-1.0,0.0,0.0,-1.0,-1.0,0.0,0.0,-1.0,-1.0,0.0,0.0,-1.0,-1.0,0.0,0.0,-1.0,-1.0,0.0,0.0,-1.0,-1.0,0.0,0.0001,0.129,0.121,0.266,0.261,0.099,0.029,0.013,0.9838,0.499,0.501,0.794,0.789,0
429,858,14.3,0.0066,0.0273,"2,1,3",0.0589,0.0048,-0.0001,-0.0003,0.491,0.45,0.05,0.0,-1.0,-1.0,0.0,0.0,-1.0,-1.0,0.0,0.0,-1.0,-1.0,0.0,0.0,-1.0,-1.0,0.0,0.0,-1.0,-1.0,0.0,0.0,-1.0,-1.0,0.0,0.0001,0.129,0.121,0.266,0.261,0.099,0.029,0.013,0.9849,0.499,0.501,0.794,0.789,0
430,860,14.3333,0.0066,0.0272,"1,1,1",0.7083,0.0048,0.0,0.0001,0.491,0.45,0.05,0.0,-1.0,-1.0,0.0,0.0,-1.0,-1.0,0.0,0.0,-1.0,-1.0,0.0,0.0,-1.0,-1.0,0.0,0.0,-1.0,-1.0,0.0,0.0,-1.0,-1.0,0.0,0.0001,0.129,0.121,0.266,0.261,0.099,0.029,0.013,0.9853,0.499,0.5,0.794,0.789,1
431,862,14.3667,0.0066,0.0272,"1,1,1",0.0056,0.0048,0.0,-0.0005,0.491,0.45,0.05,0.0,-1.0,-1.0,0.0,0.0,-1.0,-1.0,0.0,0.0,-1.0,-1.0,0.0,0.0,-1.0,-1.0,0.0,0.0,-1.0,-1.0,0.0,0.0,-1.0,-1.0,0.0,0.0001,0.129,0.121,0.266,0.261,0.099,0.029,0.013,0.9853,0.499,0.5,0.794,0.789,0
432,864,14.4,0.0066,0.0272,"1,1,1",0.057,0.0048,-0.0,-0.0,0.491,0.45,0.05,0.0,-1.0,-1.0,0.0,0.0,-1.0,-1.0,0.0,0.0,-1.0,-1.0,0.0,0.0,-1.0,-1.0,0.0,0.0,-1.0,-1.0,0.0,0.0,-1.0,-1.0,0.0,0.0001,0.148,0.136,0.308,0.325,0.099,0.029,0.013,0.9857,0.498,0.5,0.794,0.789,0
433,866,14.4333,0.0066,0.0272,"1,1,1",0.0138,0.0048,-0.0,-0.0001,0.491,0.45,0.05,0.0,-1.0,-1.0,0.0,0.0,-1.0,-1.0,0.0,0.0,-1.0,-1.0,0.0,0.0,-1.0,-1.0,0.0,0.0,-1.0,-1.0,0.0,0.0,-1.0,-1.0,0.0,0.0001,0.129,0.121,0.266,0.261,0.099,0.029,0.013,0.9856,0.498,0.5,0.794,0.789,0
434,868,14.4667,0.0066,0.0272,"1,1,1",0.0116,0.0048,-0.0,0.0,0.491,0.45,0.05,0.0,-1.0,-1.0,0.0,0.0,-1.0,-1.0,0.0,0.0,-1.0,-1.0,0.0,0.0,-1.0,-1.0,0.0,0.0,-1.0,-1.0,0.0,0.0,-1.0,-1.0,0.0,0.0001,0.129,0.121,0.266,0.261,0.099,0.029,0.013,0.9857,0.498,0.5,0.794,0.789,0
435,870,14.5,0.0066,0.0272,"1,1,1",0.0029,0.0048,-0.0,-0.0,0.491,0.45,0.05,0.0,-1.0,-1.0,0.0,0.0,-1.0,-1.0,0.0,0.0,-1.0,-1.0,0.0,0.0,-1.0,-1.0,0.0,0.0,-1.0,-1.0,0.0,0.0,-1.0,-1.0,0.0,0.0001,0.129,0.121,0.266,0.261,0.099,0.029,0.013,0.9855,0.498,0.5,0.794,0.789,0
436,872,14.5333,0.0065,0.0267,"1,1,1",0.0105,0.0049,0.0,0.0,0.553,0.667,0.032,0.0,-1.0,-1.0,0.0,0.0,-1.0,-1.0,0.0,0.0,-1.0,-1.0,0.0,0.0,-1.0,-1.0,0.0,0.0,-1.0,-1.0,0.0,0.0,-1.0,-1.0,0.0,0.0001,0.148,0.136,0.308,0.325,0.099,0.029,0.013,0.9863,0.498,0.5,0.794,0.789,0
437,874,14.5667,0.0065,0.0267,"1,1,1",0.0171,0.0048,0.0,-0.0,0.553,0.667,0.032,0.0,-1.0,-1.0,0.0,0.0,-1.0,-1.0,0.0,0.0,-1.0,-1.0,0.0,0.0,-1.0,-1.0,0.0,0.0,-1.0,-1.0,0.0,0.0,-1.0,-1.0,0.0,0.0001,0.148,0.136,0.308,0.325,0.099,0.029,0.013,0.9861,0.498,0.5,0.794,0.789,0
438,876,14.6,0.0065,0.0267,"1,1,1",0.0156,0.0048,0.0,0.0,0.553,0.667,0.032,0.0,-1.0,-1.0,0.0,0.0,-1.0,-1.0,0.0,0.0,-1.0,-1.0,0.0,0.0,-1.0,-1.0,0.0,0.0,-1.0,-1.0,0.0,0.0,-1.0,-1.0,0.0,0.0001,0.148,0.136,0.308,0.325,0.099,0.029,0.013,0.9855,0.499,0.501,0.794,0.789,0
439,878,14.6333,0.0065,0.0267,"1,1,1",0.0007,0.0048,0.0,0.0001,0.553,0.667,0.032,0.0,-1.0,-1.0,0.0,0.0,-1.0,-1.0,0.0,0.0,-1.0,-1.0,0.0,0.0,-1.0,-1.0,0.0,0.0,-1.0,-1.0,0.0,0.0,-1.0,-1.0,0.0,0.0001,0.148,0.136,0.308,0.325,0.099,0.029,0.013,0.9854,0.499,0.501,0.794,0.789,0
440,880,14.6667,0.0065,0.0267,"1,1,1",0.0049,0.0048,0.0,0.0,0.553,0.667,0.032,0.0,-1.0,-1.0,0.0,0.0,-1.0,-1.0,0.0,0.0,-1.0,-1.0,0.0,0.0,-1.0,-1.0,0.0,0.0,-1.0,-1.0,0.0,0.0,-1.0,-1.0,0.0,0.0001,0.148,0.136,0.308,0.325,0.099,0.029,0.013,0.9856,0.499,0.501,0.794,0.789,0
441,882,14.7,0.0065,0.0267,"1,1,1",0.0085,0.0048,0.0,-0.0,0.553,0.667,0.032,0.0,-1.0,-1.0,0.0,0.0,-1.0,-1.0,0.0,0.0,-1.0,-1.0,0.0,0.0,-1.0,-1.0,0.0,0.0,-1.0,-1.0,0.0,0.0,-1.0,-1.0,0.0,0.0001,0.129,0.121,0.266,0.261,0.099,0.029,0.013,0.9854,0.499,0.501,0.794,0.789,0
442,884,14.7333,0.0065,0.0267,"1,1,1",0.0051,0.0048,0.0,-0.0,0.553,0.667,0.032,0.0,-1.0,-1.0,0.0,0.0,-1.0,-1.0,0.0,0.0,-1.0,-1.0,0.0,0.0,-1.0,-1.0,0.0,0.0,-1.0,-1.0,0.0,0.0,-1.0,-1.0,0.0,0.0001,0.148,0.135,0.308,0.325,0.099,0.029,0.013,0.9855,0.499,0.501,0.794,0.789,0
443,886,14.7667,0.0065,0.0267,"1,1,1",0.0039,0.0048,-0.0,-0.0001,0.553,0.667,0.032,0.0,-1.0,-1.0,0.0,0.0,-1.0,-1.0,0.0,0.0,-1.0,-1.0,0.0,0.0,-1.0,-1.0,0.0,0.0,-1.0,-1.0,0.0,0.0,-1.0,-1.0,0.0,0.0001,0.148,0.136,0.308,0.325,0.099,0.029,0.013,0.9856,0.499,0.501,0.794,0.789,0
444,888,14.8,0.0065,0.0267,"1,1,1",0.0028,0.0048,0.0,0.0,0.553,0.667,0.032,0.0,-1.0,-1.0,0.0,0.0,-1.0,-1.0,0.0,0.0,-1.0,-1.0,0.0,0.0,-1.0,-1.0,0.0,0.0,-1.0,-1.0,0.0,0.0,-1.0,-1.0,0.0,0.0001,0.148,0.136,0.308,0.325,0.099,0.029,0.013,0.9858,0.499,0.5,0.794,0.789,0
445,890,14.8333,0.0065,0.0267,"1,1,1",0.0007,0.0048,-0.0,0.0001,0.553,0.667,0.032,0.0,-1.0,-1.0,0.0,0.0,-1.0,-1.0,0.0,0.0,-1.0,-1.0,0.0,0.0,-1.0,-1.0,0.0,0.0,-1.0,-1.0,0.0,0.0,-1.0,-1.0,0.0,0.0001,0.148,0.136,0.308,0.325,0.099,0.029,0.013,0.9859,0.499,0.5,0.794,0.789,0
446,892,14.8667,0.0065,0.0267,"1,1,1",0.0033,0.0048,0.0,0.0,0.553,0.667,0.032,0.0,-1.0,-1.0,0.0,0.0,-1.0,-1.0,0.0,0.0,-1.0,-1.0,0.0,0.0,-1.0,-1.0,0.0,0.0,-1.0,-1.0,0.0,0.0,-1.0,-1.0,0.0,0.0001,0.148,0.136,0.308,0.325,0.099,0.029,0.013,0.9857,0.499,0.5,0.794,0.789,0
447,894,14.9,0.0065,0.0267,"1,1,1",0.0017,0.0048,-0.0,-0.0,0.553,0.667,0.032,0.0,-1.0,-1.0,0.0,0.0,-1.0,-1.0,0.0,0.0,-1.0,-1.0,0.0,0.0,-1.0,-1.0,0.0,0.0,-1.0,-1.0,0.0,0.0,-1.0,-1.0,0.0,0.0001,0.148,0.136,0.308,0.325,0.099,0.029,0.013,0.9858,0.499,0.5,0.794,0.789,0
448,896,14.9333,0.0065,0.0267,"1,1,1",0.0008,0.0048,0.0,-0.0,0.553,0.667,0.032,0.0,-1.0,-1.0,0.0,0.0,-1.0,-1.0,0.0,0.0,-1.0,-1.0,0.0,0.0,-1.0,-1.0,0.0,0.0,-1.0,-1.0,0.0,0.0,-1.0,-1.0,0.0,0.0001,0.148,0.136,0.308,0.325,0.099,0.029,0.013,0.9858,0.499,0.5,0.794,0.789,0
449,898,14.9667,0.0065,0.0267,"1,1,1",0.0009,0.0048,0.0,-0.0,0.553,0.667,0.032,0.0,-1.0,-1.0,0.0,0.0,-1.0,-1.0,0.0,0.0,-1.0,-1.0,0.0,0.0,-1.0,-1.0,0.0,0.0,-1.0,-1.0,0.0,0.0,-1.0,-1.0,0.0,0.0001,0.148,0.136,0.308,0.325,0.099,0.029,0.013,0.9858,0.499,0.5,0.794,0.789,0
450,900,15.0,0.0065,0.0267,"1,1,1",0.0351,0.0048,-0.0001,-0.0001,0.553,0.667,0.032,0.0,-1.0,-1.0,0.0,0.0,-1.0,-1.0,0.0,0.0,-1.0,-1.0,0.0,0.0,-1.0,-1.0,0.0,0.0,-1.0,-1.0,0.0,0.0,-1.0,-1.0,0.0,0.0001,0.129,0.121,0.266,0.261,0.099,0.029,0.013,0.9853,0.499,0.501,0.794,0.789,0
451,902,15.0333,0.0065,0.0267,"1,1,1",0.0073,0.0048,0.0,0.0,0.553,0.667,0.032,0.0,-1.0,-1.0,0.0,0.0,-1.0,-1.0,0.0,0.0,-1.0,-1.0,0.0,0.0,-1.0,-1.0,0.0,0.0,-1.0,-1.0,0.0,0.0,-1.0,-1.0,0.0,0.0001,-1.0,-1.0,0.0,0.0,0.099,0.029,0.013,0.9854,0.499,0.501,0.794,0.789,0
452,904,15.0667,0.0065,0.0267,"1,1,1",0.0008,0.0048,0.0,0.0,0.553,0.667,0.032,0.0,-1.0,-1.0,0.0,0.0,-1.0,-1.0,0.0,0.0,-1.0,-1.0,0.0,0.0,-1.0,-1.0,0.0,0.0,-1.0,-1.0,0.0,0.0,-1.0,-1.0,0.0,0.0001,0.148,0.135,0.308,0.325,0.099,0.029,0.013,0.9854,0.499,0.501,0.794,0.789,0
453,906,15.1,0.0065,0.0267,"1,1,1",0.0,0.0048,0.0,0.0,0.553,0.667,0.032,0.0,-1.0,-1.0,0.0,0.0,-1.0,-1.0,0.0,0.0,-1.0,-1.0,0.0,0.0,-1.0,-1.0,0.0,0.0,-1.0,-1.0,0.0,0.0,-1.0,-1.0,0.0,0.0001,0.148,0.135,0.308,0.325,0.099,0.029,0.013,0.9854,0.499,0.501,0.794,0.789,0
454,908,15.1333,0.0065,0.0267,"1,1,1",0.0014,0.0048,0.0,0.0,0.553,0.667,0.032,0.0,-1.0,-1.0,0.0,0.0,-1.0,-1.0,0.0,0.0,-1.0,-1.0,0.0,0.0,-1.0,-1.0,0.0,0.0,-1.0,-1.0,0.0,0.0,-1.0,-1.0,0.0,0.0001,0.148,0.135,0.308,0.325,0.099,0.029,0.013,0.9854,0.499,0.501,0.794,0.789,0
455,910,15.1667,0.0065,0.0267,"1,1,1",0.0014,0.0048,0.0,0.0,0.553,0.667,0.032,0.0,-1.0,-1.0,0.0,0.0,-1.0,-1.0,0.0,0.0,-1.0,-1.0,0.0,0.0,-1.0,-1.0,0.0,0.0,-1.0,-1.0,0.0,0.0,-1.0,-1.0,0.0,0.0001,0.148,0.135,0.308,0.325,0.099,0.029,0.013,0.9854,0.499,0.501,0.794,0.789,0
456,912,15.2,0.0065,0.0267,"1,1,1",0.0,0.0048,0.0,0.0,0.553,0.667,0.032,0.0,-1.0,-1.0,0.0,0.0,-1.0,-1.0,0.0,0.0,-1.0,-1.0,0.0,0.0,-1.0,-1.0,0.0,0.0,-1.0,-1.0,0.0,0.0,-1.0,-1.0,0.0,0.0001,0.148,0.135,0.308,0.325,0.099,0.029,0.013,0.9854,0.499,0.501,0.794,0.789,0
457,914,15.2333,0.0065,0.0267,"1,1,1",0.0,0.0048,0.0,0.0,0.553,0.667,0.032,0.0,-1.0,-1.0,0.0,0.0,-1.0,-1.0,0.0,0.0,-1.0,-1.0,0.0,0.0,-1.0,-1.0,0.0,0.0,-1.0,-1.0,0.0,0.0,-1.0,-1.0,0.0,0.0001,0.148,0.135,0.308,0.325,0.099,0.029,0.013,0.9854,0.499,0.501,0.794,0.789,0
458,916,15.2667,0.0116,0.0313,"3,2,5",0.3202,0.01,-0.0003,0.0,0.487,0.561,0.102,0.0,-1.0,-1.0,0.0,0.0,-1.0,-1.0,0.0,0.0,-1.0,-1.0,0.0,0.0,-1.0,-1.0,0.0,0.0,-1.0,-1.0,0.0,0.0,-1.0,-1.0,0.0,0.0001,0.148,0.135,0.308,0.325,0.099,0.029,0.013,0.8548,0.496,0.493,0.816,0.817,0
459,918,15.3,0.0398,0.0969,"13,7,16",0.3068,0.0343,-0.0012,0.0004,0.497,0.522,0.412,0.0,-1.0,-1.0,0.0,0.0,-1.0,-1.0,0.0,0.0109,0.103,0.674,0.094,0.122,0.1,0.679,0.1,0.0683,0.511,0.525,0.378,0.428,0.501,0.539,0.237,0.0001,-1.0,-1.0,0.0,0.0,0.099,0.029,0.013,0.8014,0.497,0.491,0.825,0.828,0
460,920,15.3333,0.1002,0.2039,"33,18,41",0.3694,0.0784,,,0.588,0.506,0.729,0.005,0.864,0.393,0.084,0.1,0.865,0.402,0.079,0.018,0.095,0.65,0.106,0.15,0.092,0.677,0.116,0.1373,0.504,0.547,0.375,0.439,0.508,0.537,0.326,0.0001,-1.0,-1.0,0.0,0.0,0.099,0.029,0.013,0.6884,0.502,0.48,0.847,0.844,0
461,922,15.3667,0.1322,0.2521,"40,24,61",0.5276,0.0899,,,0.506,0.539,0.959,0.0112,0.867,0.398,0.094,0.117,0.867,0.401,0.102,0.0196,0.082,0.645,0.1,0.172,0.081,0.672,0.122,0.1535,0.521,0.568,0.394,0.444,0.526,0.559,0.331,0.0328,0.506,0.518,0.328,0.244,0.485,0.522,0.154,0.3937,0.416,0.397,0.728,0.883,1
462,924,15.4,0.1329,0.25,"39,24,67",0.1258,0.0857,,,0.525,0.522,0.965,0.0123,0.87,0.388,0.091,0.128,0.875,0.393,0.104,0.0141,0.098,0.666,0.091,0.139,0.092,0.675,0.108,0.1529,0.575,0.56,0.511,0.517,0.532,0.512,0.306,0.034,0.509,0.53,0.159,0.2,0.499,0.538,0.156,0.2994,0.434,0.38,0.672,0.9,0
463,926,15.4333,0.1347,0.2312,"39,23,76",0.1983,0.0826,0.0011,0.0028,0.494,0.517,0.976,0.0109,0.867,0.396,0.1,0.139,0.872,0.397,0.103,0.0113,0.104,0.651,0.091,0.157,0.097,0.669,0.098,0.1939,0.589,0.596,0.548,0.539,0.535,0.528,0.326,0.0339,0.545,0.519,0.369,0.178,0.507,0.533,0.153,0.1445,0.436,0.339,0.659,0.894,0
464,928,15.4667,0.2041,0.2934,"58,39,99",0.1797,0.1264,,,0.494,0.517,0.976,0.0089,0.878,0.412,0.112,0.161,0.885,0.407,0.099,0.005,0.087,0.618,0.081,0.128,0.084,0.614,0.062,0.2562,0.592,0.608,0.628,0.606,0.605,0.586,0.405,0.0742,0.532,0.529,0.3,0.25,0.534,0.531,0.228,0.0725,0.539,0.329,0.622,0.939,0
465,930,15.5,0.2031,0.2736,"60,36,106",0.1442,0.1234,-0.0255,0.0244,0.516,0.533,0.961,0.01,0.873,0.396,0.119,0.167,0.876,0.397,0.103,0.0002,0.092,0.614,0.08,0.143,0.114,0.57,0.019,0.3187,0.572,0.603,0.788,0.639,0.557,0.599,0.461,0.0523,0.538,0.531,0.45,0.244,0.548,0.544,0.195,0.0432,0.252,0.173,0.459,0.228,0
466,932,15.5333,0.2282,0.2959,"67,42,114",0.1209,0.1295,-0.0007,-0.0034,0.512,0.528,0.968,0.0139,0.87,0.384,0.112,0.157,0.874,0.394,0.113,0.0,-1.0,-1.0,0.0,0.0,-1.0,-1.0,0.0,0.3244,0.578,0.625,0.756,0.615,0.563,0.619,0.457,0.0754,0.52,0.534,0.368,0.25,0.54,0.53,0.227,0.0662,0.216,0.163,0.275,0.233,0
467,934,15.5667,0.1907,0.2615,"56,33,103",0.1,0.1089,,,0.503,0.528,0.966,0.0141,0.862,0.395,0.112,0.144,0.872,0.395,0.111,0.0002,0.055,0.704,0.019,0.011,0.055,0.703,0.023,0.3083,0.586,0.643,0.712,0.55,0.569,0.647,0.455,0.0458,0.504,0.547,0.369,0.294,0.471,0.564,0.178,0.0859,0.265,0.211,0.528,0.272,0
468,936,15.6,0.1958,0.2697,"58,35,103",0.084,0.1067,,,0.509,0.522,0.967,0.0144,0.865,0.396,0.112,0.15,0.865,0.398,0.115,0.0013,0.352,0.51,0.584,0.869,0.052,0.67,0.029,0.3094,0.595,0.656,0.688,0.539,0.643,0.651,0.43,0.0567,0.513,0.525,0.138,0.289,0.501,0.531,0.191,0.0601,0.229,0.277,0.406,0.889,0
469,938,15.6333,0.1682,0.2269,"50,28,98",0.1223,0.0965,,,0.522,0.517,0.973,0.019,0.865,0.391,0.103,0.133,0.863,0.394,0.12,0.0023,0.141,0.705,0.369,0.206,0.055,0.668,0.04,0.3345,0.598,0.636,0.578,0.544,0.588,0.639,0.473,0.0266,0.517,0.521,0.175,0.133,0.525,0.517,0.134,0.0514,0.214,0.177,0.334,0.267,0
470,940,15.6667,0.2335,0.3019,"69,44,108",0.1918,0.1369,,,0.503,0.511,0.979,0.0176,0.866,0.385,0.103,0.125,0.867,0.386,0.118,0.0053,0.124,0.615,0.084,0.056,0.076,0.649,0.068,0.3214,0.574,0.623,0.575,0.609,0.559,0.633,0.462,0.084,0.521,0.534,0.297,0.222,0.528,0.544,0.235,0.1155,0.4,0.213,0.906,0.35,0
471,942,15.7,0.1872,0.268,"59,33,90",0.1577,0.1143,,,0.512,0.533,0.964,0.0155,0.865,0.391,0.1,0.117,0.866,0.391,0.109,0.0071,0.08,0.644,0.091,0.072,0.078,0.648,0.077,0.2966,0.541,0.585,0.559,0.6,0.535,0.598,0.453,0.0487,0.491,0.539,0.4,0.256,0.493,0.544,0.191,0.1917,0.404,0.292,0.897,0.822,0
472,944,15.7333,0.1811,0.2689,"58,32,85",0.0941,0.0933,-0.0031,-0.0031,0.522,0.539,0.962,0.017,0.864,0.387,0.097,0.111,0.865,0.39,0.114,0.0092,0.075,0.651,0.081,0.117,0.073,0.654,0.089,0.2622,0.527,0.575,0.562,0.556,0.514,0.576,0.433,0.0419,0.507,0.525,0.274,0.306,0.487,0.547,0.171,0.2342,0.422,0.303,0.9,0.833,0
473,946,15.7667,0.1544,0.2473,"50,26,74",0.1102,0.0895,,,0.528,0.539,0.963,0.0185,0.865,0.393,0.109,0.133,0.864,0.395,0.122,0.0149,0.076,0.659,0.091,0.133,0.079,0.661,0.107,0.2337,0.533,0.593,0.447,0.572,0.526,0.587,0.405,0.0305,0.512,0.527,0.22,0.2,0.511,0.525,0.142,0.2847,0.438,0.274,0.909,0.528,0
474,948,15.8,0.1413,0.2467,"46,25,64",0.1243,0.0761,,,0.531,0.528,0.958,0.018,0.868,0.398,0.097,0.133,0.867,0.396,0.12,0.0202,0.089,0.673,0.097,0.156,0.09,0.674,0.122,0.1914,0.55,0.591,0.391,0.5,0.541,0.581,0.351,0.0311,0.506,0.538,0.21,0.156,0.503,0.539,0.149,0.3578,0.463,0.306,0.9,0.794,0
475,950,15.8333,0.1362,0.2485,"45,24,60",0.1206,0.0748,,,0.512,0.528,0.97,0.0175,0.867,0.403,0.091,0.144,0.866,0.404,0.116,0.0253,0.12,0.657,0.103,0.183,0.101,0.682,0.13,0.1476,0.551,0.565,0.459,0.378,0.528,0.568,0.31,0.0364,0.528,0.533,0.262,0.128,0.517,0.539,0.16,0.3518,0.479,0.328,0.894,0.844,0
476,952,15.8667,0.1957,0.2998,"61,38,79",0.1494,0.1154,,,0.503,0.528,0.971,0.0152,0.868,0.402,0.099,0.161,0.864,0.409,0.114,0.0241,0.1,0.679,0.1,0.189,0.097,0.682,0.131,0.1995,0.498,0.522,0.497,0.611,0.485,0.514,0.381,0.0744,0.527,0.553,0.303,0.228,0.504,0.561,0.217,0.2648,0.523,0.346,0.884,0.867,0
477,954,15.9,0.1701,0.2582,"55,29,80",0.1471,0.1041,,,0.528,0.522,0.963,0.0164,0.85,0.414,0.1,0.144,0.851,0.41,0.117,0.0198,0.12,0.665,0.116,0.15,0.114,0.668,0.121,0.24,0.476,0.561,0.475,0.522,0.455,0.558,0.397,0.0378,0.54,0.521,0.147,0.283,0.529,0.521,0.163,0.2257,0.504,0.293,0.797,0.883,0
478,956,15.9333,0.2024,0.2889,"63,37,94",0.1235,0.1086,0.0007,-0.0026,0.528,0.533,0.964,0.0205,0.849,0.408,0.1,0.139,0.848,0.409,0.126,0.0171,0.126,0.668,0.103,0.144,0.127,0.668,0.117,0.253,0.506,0.604,0.575,0.533,0.497,0.616,0.408,0.0608,0.5,0.519,0.162,0.274,0.497,0.517,0.203,0.1535,0.511,0.282,0.772,0.878,0
479,958,15.9667,0.1616,0.2335,"51,26,89",0.201,0.1072,-0.0109,0.0015,0.537,0.539,0.954,0.0221,0.838,0.411,0.103,0.161,0.842,0.407,0.128,0.0101,0.18,0.588,0.422,0.417,0.132,0.64,0.09,0.2691,0.508,0.656,0.65,0.511,0.511,0.667,0.424,0.025,0.493,0.53,0.191,0.224,0.515,0.56,0.113,0.0597,0.582,0.179,0.525,0.611,0
480,960,16.0,0.2018,0.2627,"63,34,106",0.1521,0.1213,,,0.522,0.5,0.975,0.0209,0.834,0.419,0.103,0.172,0.839,0.415,0.127,0.0031,0.125,0.645,0.088,0.156,0.129,0.581,0.042,0.3179,0.495,0.65,0.678,0.5,0.488,0.652,0.454,0.0518,0.495,0.534,0.197,0.178,0.499,0.529,0.19,0.0414,0.275,0.127,0.459,0.167,0
481,962,16.0333,0.2203,0.2729,"69,38,111",0.1178,0.1196,,,0.506,0.522,0.975,0.0165,0.83,0.424,0.106,0.172,0.833,0.423,0.121,0.0004,0.139,0.71,0.081,0.028,0.149,0.711,0.024,0.3387,0.493,0.638,0.672,0.511,0.494,0.637,0.471,0.0538,0.517,0.538,0.247,0.228,0.511,0.565,0.19,0.05,0.206,0.138,0.275,0.183,0
482,964,16.0667,0.2738,0.3092,"84,51,126",0.1485,0.1546,,,0.494,0.528,0.968,0.013,0.829,0.411,0.103,0.167,0.834,0.424,0.111,0.0005,0.175,0.74,0.041,0.022,0.165,0.746,0.021,0.3659,0.503,0.613,0.67,0.633,0.498,0.607,0.483,0.0779,0.519,0.563,0.35,0.322,0.524,0.58,0.239,0.0695,0.309,0.182,0.9,0.278,0
483,966,16.1,0.2283,0.2723,"72,39,116",0.1098,0.1306,,,0.509,0.539,0.962,0.0102,0.812,0.426,0.078,0.167,0.809,0.425,0.097,0.0001,-1.0,-1.0,0.0,0.0,0.201,0.681,0.012,0.4046,0.505,0.593,0.659,0.633,0.506,0.589,0.514,0.0444,0.554,0.537,0.422,0.322,0.536,0.584,0.143,0.0402,0.243,0.202,0.896,0.283,0
484,968,16.1333,0.2294,0.2654,"74,38,119",0.107,0.1327,,,0.497,0.522,0.972,0.0136,0.804,0.428,0.1,0.117,0.8,0.425,0.107,0.0002,0.143,0.642,0.098,0.058,0.114,0.633,0.017,0.4393,0.481,0.569,0.647,0.644,0.481,0.569,0.529,0.0472,0.543,0.545,0.15,0.291,0.531,0.548,0.169,0.037,0.236,0.183,0.871,0.3,0
485,970,16.1667,0.1959,0.2427,"65,31,105",0.1337,0.1103,0.0,0.0006,0.503,0.561,0.947,0.0119,0.79,0.414,0.109,0.144,0.794,0.421,0.108,0.0015,0.169,0.561,0.153,0.333,0.182,0.611,0.032,0.4296,0.474,0.588,0.65,0.589,0.467,0.596,0.52,0.0307,0.554,0.527,0.3,0.289,0.536,0.56,0.126,0.0767,0.407,0.176,0.934,0.289,0
486,972,16.2,0.2082,0.2903,"66,37,97",0.167,0.1123,,,0.506,0.539,0.966,0.0114,0.784,0.413,0.103,0.167,0.784,0.417,0.107,0.0045,0.211,0.56,0.085,0.078,0.205,0.601,0.054,0.3256,0.444,0.615,0.647,0.556,0.446,0.624,0.457,0.0658,0.523,0.514,0.219,0.261,0.527,0.508,0.213,0.1427,0.462,0.268,0.931,0.844,0
487,974,16.2333,0.2011,0.2957,"64,36,91",0.0976,0.0772,,,0.516,0.511,0.973,0.014,0.755,0.445,0.085,0.172,0.758,0.442,0.11,0.0129,0.271,0.536,0.218,0.528,0.2,0.596,0.09,0.2927,0.451,0.609,0.666,0.572,0.429,0.616,0.422,0.077,0.524,0.519,0.278,0.261,0.497,0.529,0.224,0.1562,0.452,0.261,0.925,0.833,0
488,976,16.2667,0.1874,0.2679,"62,32,87",0.1498,0.0902,,,0.531,0.517,0.963,0.0206,0.741,0.455,0.088,0.194,0.744,0.456,0.124,0.0195,0.215,0.584,0.122,0.156,0.215,0.608,0.115,0.3306,0.511,0.601,0.644,0.578,0.508,0.601,0.471,0.0493,0.509,0.543,0.278,0.233,0.49,0.558,0.182,0.1801,0.432,0.272,0.931,0.794,0
489,978,16.3,0.1665,0.2629,"56,28,75",0.1319,0.0765,,,0.5,0.511,0.974,0.0177,0.729,0.449,0.078,0.206,0.724,0.456,0.114,0.0218,0.238,0.614,0.1,0.161,0.241,0.623,0.123,0.2667,0.515,0.547,0.6,0.528,0.515,0.547,0.426,0.0473,0.522,0.554,0.422,0.228,0.482,0.572,0.17,0.2406,0.502,0.338,0.931,0.883,0
490,980,16.3333,0.2193,0.318,"71,41,87",0.1384,0.1129,0.0261,-0.0285,0.5,0.511,0.974,0.0066,0.727,0.478,0.129,0.172,0.708,0.482,0.061,0.0257,0.244,0.626,0.12,0.161,0.247,0.63,0.135,0.2535,0.492,0.511,0.584,0.572,0.472,0.521,0.41,0.0882,0.558,0.542,0.334,0.328,0.561,0.542,0.249,0.2552,0.528,0.379,0.931,0.911,0
491,982,16.3667,0.1803,0.2686,"62,30,82",0.1151,0.0901,,,0.506,0.55,0.955,0.016,0.714,0.474,0.134,0.133,0.723,0.482,0.115,0.0299,0.264,0.625,0.155,0.167,0.266,0.624,0.149,0.2672,0.485,0.485,0.538,0.6,0.487,0.476,0.428,0.0349,0.561,0.542,0.222,0.328,0.524,0.571,0.141,0.2049,0.559,0.413,0.909,0.933,0
492,984,16.4,0.1881,0.2752,"63,32,88",0.114,0.0884,,,0.541,0.522,0.955,0.0196,0.709,0.476,0.103,0.15,0.72,0.476,0.128,0.0243,0.28,0.613,0.156,0.133,0.278,0.62,0.139,0.2736,0.445,0.497,0.612,0.561,0.446,0.498,0.432,0.0484,0.551,0.541,0.172,0.367,0.549,0.541,0.184,0.174,0.536,0.41,0.856,0.944,0
493,986,16.4333,0.1544,0.2266,"53,23,83",0.1289,0.0851,0.0021,-0.0003,0.528,0.539,0.957,0.0236,0.671,0.478,0.131,0.15,0.683,0.482,0.135,0.0223,0.315,0.603,0.153,0.128,0.328,0.601,0.119,0.3254,0.416,0.53,0.675,0.556,0.416,0.534,0.462,0.0214,0.531,0.524,0.152,0.226,0.507,0.56,0.109,0.1081,0.549,0.457,0.789,0.939,0
494,988,16.4667,0.2179,0.2724,"71,36,110",0.2392,0.1319,,,0.5,0.511,0.974,0.0038,0.672,0.468,0.114,0.144,0.736,0.533,0.047,0.0082,0.337,0.607,0.162,0.083,0.364,0.612,0.077,0.4572,0.454,0.558,0.7,0.65,0.459,0.55,0.548,0.0637,0.55,0.521,0.244,0.233,0.56,0.529,0.206,0.0163,0.652,0.45,0.748,0.983,0
495,990,16.5,0.2306,0.2651,"78,37,117",0.1443,0.1253,0.0246,-0.0058,0.531,0.539,0.956,0.0033,0.638,0.542,0.041,0.062,0.642,0.549,0.051,0.0053,0.409,0.587,0.053,0.089,0.411,0.589,0.067,0.5066,0.455,0.534,0.684,0.65,0.46,0.529,0.565,0.0519,0.604,0.511,0.272,0.194,0.629,0.506,0.189,0.0137,0.385,0.348,0.841,0.972,0
496,992,16.5333,0.2531,0.281,"85,42,123",0.088,0.1362,,,0.512,0.522,0.967,0.0023,0.645,0.553,0.035,0.062,0.64,0.56,0.041,0.0054,0.428,0.531,0.069,0.089,0.43,0.581,0.059,0.498,0.451,0.523,0.684,0.683,0.46,0.522,0.565,0.0622,0.586,0.516,0.297,0.245,0.614,0.499,0.191,0.0152,0.225,0.167,0.478,0.91,0
497,994,16.5667,0.256,0.2803,"86,42,125",0.1082,0.1391,-0.0003,0.0023,0.609,0.5,0.903,0.0023,0.567,0.527,0.028,0.089,0.557,0.53,0.047,0.0058,0.461,0.56,0.05,0.094,0.464,0.564,0.067,0.5322,0.468,0.51,0.709,0.7,0.479,0.513,0.582,0.0579,0.582,0.527,0.419,0.356,0.622,0.518,0.198,0.0191,0.459,0.201,0.925,0.322,0
498,996,16.6,0.0948,0.1049,"29,8,91",0.653,0.1452,0.0016,-0.0006,0.522,0.528,0.489,0.0424,0.675,0.404,0.297,0.444,0.674,0.286,0.11,0.0305,0.326,0.694,0.272,0.386,0.341,0.649,0.128,0.1946,0.231,0.497,0.444,0.844,0.18,0.221,0.262,0.0001,-1.0,-1.0,0.0,0.0,0.018,0.03,0.013,0.0019,0.269,0.562,0.45,0.167,1
499,998,16.6333,0.1199,0.0733,"76,2,53",0.7994,0.0961,,,0.509,0.533,0.453,0.0043,0.524,0.522,0.044,0.067,0.523,0.521,0.059,0.3671,0.435,0.505,0.512,0.694,0.289,0.411,0.38,0.2699,0.722,0.46,0.522,0.789,0.654,0.338,0.367,0.0001,-1.0,-1.0,0.0,0.0,0.018,0.03,0.013,0.0,-1.0,-1.0,0.0,0.0,1
500,1000,16.6667,0.1279,0.1102,"68,1,98",0.7569,0.1298,,,0.566,0.656,0.295,0.0,-1.0,-1.0,0.0,0.0,-1.0,-1.0,0.0,0.0,-1.0,-1.0,0.0,0.0,-1.0,-1.0,0.0,0.6319,0.474,0.488,0.872,0.872,0.48,0.49,0.62,0.0001,-1.0,-1.0,0.0,0.0,0.018,0.03,0.013,0.1644,0.532,0.562,0.416,0.406,1
501,1002,16.7,0.2689,0.0891,"141,5,203",0.6258,0.2361,,,0.606,0.689,0.345,0.0,-1.0,-1.0,0.0,0.0,-1.0,-1.0,0.0,0.0,-1.0,-1.0,0.0,0.0,-1.0,-1.0,0.0,0.9972,0.499,0.498,0.8,0.8,0.499,0.498,0.752,0.0001,-1.0,-1.0,0.0,0.0,0.018,0.03,0.013,0.0,-1.0,-1.0,0.0,0.0,1
502,1004,16.7333,0.3332,0.0628,"186,4,233",0.6139,0.2172,,,0.453,0.533,0.432,0.0,-1.0,-1.0,0.0,0.0,-1.0,-1.0,0.0,0.0,-1.0,-1.0,0.0,0.0,-1.0,-1.0,0.0,0.9981,0.499,0.498,0.8,0.8,0.499,0.498,0.752,0.0001,-1.0,-1.0,0.0,0.0,0.018,0.03,0.013,0.0,-1.0,-1.0,0.0,0.0,1
503,1006,16.7667,0.8229,0.0405,"236,188,251",0.9942,0.6875,,,0.503,0.528,0.823,0.0,-1.0,-1.0,0.0,0.0,-1.0,-1.0,0.0,0.0,-1.0,-1.0,0.0,0.0,-1.0,-1.0,0.0,0.1763,0.449,0.492,0.591,0.7,0.561,0.515,0.284,0.0001,-1.0,-1.0,0.0,0.0,0.018,0.03,0.013,0.0,-1.0,-1.0,0.0,0.0,1
504,1008,16.8,0.2775,0.3592,"88,55,103",0.929,0.2083,,,0.506,0.494,0.98,0.0,-1.0,-1.0,0.0,0.0,-1.0,-1.0,0.0,0.0,-1.0,-1.0,0.0,0.0,0.109,0.578,0.009,0.2636,0.491,0.55,0.647,0.589,0.515,0.559,0.412,0.1412,0.516,0.573,0.269,0.394,0.506,0.58,0.298,0.1688,0.623,0.518,0.941,0.944,1
505,1010,16.8333,0.2329,0.3304,"76,44,92",0.0847,0.096,,,0.497,0.5,0.981,0.0,-1.0,-1.0,0.0,0.0,-1.0,-1.0,0.0,0.0,-1.0,-1.0,0.0,0.0,-1.0,-1.0,0.0,0.2562,0.507,0.531,0.622,0.572,0.55,0.539,0.398,0.1011,0.525,0.574,0.216,0.344,0.529,0.577,0.258,0.1868,0.682,0.533,0.831,0.95,0
506,1012,16.8667,0.6734,0.1703,"159,173,192",0.8846,0.5197,,,0.55,0.517,0.938,0.0001,0.878,0.481,0.284,0.547,0.986,0.669,0.012,0.0,-1.0,-1.0,0.0,0.0,-1.0,-1.0,0.0,0.024,0.503,0.339,0.634,0.562,0.29,0.368,0.09,0.1376,0.524,0.486,0.284,0.367,0.527,0.491,0.305,0.0,-1.0,-1.0,0.0,0.0,1
507,1014,16.9,0.795,0.1907,"211,195,216",0.5667,0.5174,,,0.572,0.528,0.906,0.0,-1.0,-1.0,0.0,0.0,-1.0,-1.0,0.0,0.0,-1.0,-1.0,0.0,0.0,-1.0,-1.0,0.0,0.0875,0.437,0.663,0.834,0.672,0.43,0.79,0.173,0.3059,0.548,0.421,0.706,0.6,0.752,0.386,0.331,0.0046,0.393,0.617,0.425,0.471,1
508,1016,16.9333,0.8752,0.1592,"230,217,232",0.2943,0.5443,,,0.506,0.506,0.979,0.0001,-1.0,-1.0,0.0,0.0,0.906,0.824,0.016,0.0,-1.0,-1.0,0.0,0.0,-1.0,-1.0,0.0,0.0528,0.553,0.665,0.872,0.9,0.913,0.904,0.097,0.6469,0.497,0.452,0.641,0.739,0.496,0.44,0.613,0.0024,0.959,0.89,0.047,0.056,0
509,1018,16.9667,0.7766,0.1853,"220,179,233",0.3755,0.4821,0.0005,0.0037,0.512,0.467,0.925,0.0008,0.734,0.365,0.079,0.678,0.759,0.7,0.027,0.0,-1.0,-1.0,0.0,0.0,-1.0,-1.0,0.0,0.2614,0.518,0.512,0.406,0.722,0.496,0.549,0.383,0.3188,0.447,0.465,0.8,0.783,0.15,0.542,0.285,0.0,-1.0,-1.0,0.0,0.0,0
510,1020,17.0,0.8869,0.1332,"238,217,237",0.3362,0.5861,,,0.497,0.494,0.981,0.0,-1.0,-1.0,0.0,0.0,0.756,0.003,0.008,0.0,-1.0,-1.0,0.0,0.0,-1.0,-1.0,0.0,0.0786,0.38,0.435,0.706,0.867,0.182,0.395,0.166,0.6592,0.553,0.518,0.666,0.75,0.555,0.515,0.64,0.0,-1.0,-1.0,0.0,0.0,0
511,1022,17.0333,0.7844,0.2008,"230,176,239",0.3033,0.4698,,,0.478,0.506,0.968,0.0,-1.0,-1.0,0.0,0.0,-1.0,-1.0,0.0,0.0,-1.0,-1.0,0.0,0.0,-1.0,-1.0,0.0,0.3584,0.427,0.398,0.638,0.75,0.421,0.321,0.445,0.4043,0.613,0.531,0.709,0.806,0.64,0.571,0.477,0.0,-1.0,-1.0,0.0,0.0,0
512,1024,17.0667,0.7481,0.187,"222,165,237",0.2534,0.4426,,,0.484,0.494,0.969,0.0058,0.862,0.368,0.125,0.672,0.896,0.651,0.056,0.0,-1.0,-1.0,0.0,0.0,-1.0,-1.0,0.0,0.4262,0.447,0.472,0.762,0.811,0.499,0.421,0.484,0.2343,0.544,0.636,0.566,0.667,0.398,0.856,0.235,0.0,-1.0,-1.0,0.0,0.0,0
513,1026,17.1,0.7072,0.2257,"212,152,237",0.1717,0.4082,0.0017,0.0047,0.481,0.5,0.976,0.0128,0.862,0.276,0.162,0.65,0.896,0.132,0.064,0.0,-1.0,-1.0,0.0,0.0,-1.0,-1.0,0.0,0.4442,0.44,0.437,0.691,0.772,0.405,0.379,0.48,0.2595,0.467,0.65,0.712,0.606,0.402,0.833,0.291,0.0,-1.0,-1.0,0.0,0.0,0
514,1028,17.1333,0.7155,0.2206,"208,159,233",0.1874,0.4204,,,0.497,0.5,0.981,0.0113,0.874,0.343,0.181,0.656,0.938,0.666,0.077,0.0,-1.0,-1.0,0.0,0.0,-1.0,-1.0,0.0,0.4303,0.325,0.519,0.725,0.872,0.319,0.517,0.505,0.2913,0.568,0.51,0.384,0.511,0.528,0.491,0.377,0.0,-1.0,-1.0,0.0,0.0,0
515,1030,17.1667,0.3891,0.2204,"126,63,212",0.511,0.3372,,,0.509,0.45,0.936,0.0186,0.617,0.523,0.628,0.872,0.413,0.887,0.056,0.0,-1.0,-1.0,0.0,0.0,-1.0,-1.0,0.0,0.5636,0.46,0.479,0.677,0.767,0.463,0.487,0.607,0.0213,0.704,0.309,0.5,0.422,0.872,0.112,0.085,0.0,-1.0,-1.0,0.0,0.0,1
516,1032,17.2,0.5497,0.2306,"172,107,225",0.2691,0.4033,,,0.503,0.5,0.978,0.0191,0.781,0.357,0.738,0.761,0.834,0.246,0.059,0.0,-1.0,-1.0,0.0,0.0,-1.0,-1.0,0.0,0.579,0.47,0.501,0.656,0.8,0.472,0.509,0.606,0.0731,0.503,0.486,0.197,0.339,0.521,0.49,0.199,0.0,-1.0,-1.0,0.0,0.0,0
517,1034,17.2333,0.4332,0.2371,"149,68,223",0.2441,0.2189,0.0032,0.0002,0.497,0.5,0.976,0.0162,0.736,0.491,0.794,0.856,0.871,0.796,0.067,0.0,-1.0,-1.0,0.0,0.0,-1.0,-1.0,0.0,0.6267,0.502,0.502,0.691,0.794,0.501,0.506,0.629,0.0523,0.492,0.463,0.141,0.272,0.509,0.479,0.17,0.0,-1.0,-1.0,0.0,0.0,0
518,1036,17.2667,0.3935,0.2383,"137,58,217",0.1959,0.2062,,,0.519,0.489,0.963,0.012,0.855,0.434,0.285,0.773,0.871,0.751,0.056,0.0,-1.0,-1.0,0.0,0.0,-1.0,-1.0,0.0,0.618,0.555,0.482,0.622,0.767,0.556,0.472,0.578,0.0297,0.519,0.496,0.116,0.239,0.523,0.501,0.149,0.0,-1.0,-1.0,0.0,0.0,0
519,1038,17.3,0.6657,0.2368,"202,140,234",0.4345,0.4655,-0.0009,-0.0041,0.484,0.494,0.976,0.0169,0.861,0.25,0.119,0.661,0.909,0.097,0.096,0.0,-1.0,-1.0,0.0,0.0,-1.0,-1.0,0.0,0.4748,0.524,0.571,0.75,0.817,0.521,0.559,0.551,0.1706,0.475,0.415,0.359,0.528,0.538,0.483,0.285,0.0,-1.0,-1.0,0.0,0.0,0
520,1040,17.3333,0.7562,0.2075,"215,172,237",0.2349,0.4505,,,0.491,0.5,0.978,0.0187,0.753,0.477,0.909,0.828,0.945,0.741,0.084,0.0,-1.0,-1.0,0.0,0.0,-1.0,-1.0,0.0,0.3273,0.494,0.657,0.797,0.794,0.516,0.675,0.441,0.3474,0.464,0.383,0.547,0.506,0.53,0.422,0.373,0.0,-1.0,-1.0,0.0,0.0,0
521,1042,17.3667,0.4596,0.2017,"157,75,227",0.5038,0.2649,,,0.497,0.456,0.963,0.035,0.717,0.272,0.888,0.653,0.869,0.186,0.142,0.0,-1.0,-1.0,0.0,0.0,-1.0,-1.0,0.0,0.6821,0.493,0.516,0.638,0.722,0.486,0.505,0.647,0.0178,0.525,0.32,0.134,0.456,0.498,0.428,0.086,0.0,-1.0,-1.0,0.0,0.0,1
522,1044,17.4,0.6857,0.2298,"211,144,237",0.4188,0.4885,,,0.494,0.489,0.977,0.0215,0.915,0.419,0.094,0.656,0.935,0.174,0.107,0.0,-1.0,-1.0,0.0,0.0,-1.0,-1.0,0.0,0.467,0.529,0.512,0.662,0.8,0.529,0.514,0.539,0.155,0.511,0.502,0.266,0.717,0.502,0.423,0.278,0.0,-1.0,-1.0,0.0,0.0,0
523,1046,17.4333,0.5057,0.2547,"166,90,228",0.3398,0.3089,,,0.494,0.478,0.974,0.0499,0.558,0.3,0.872,0.556,0.937,0.138,0.113,0.0,-1.0,-1.0,0.0,0.0,-1.0,-1.0,0.0,0.6607,0.504,0.512,0.747,0.75,0.502,0.515,0.638,0.0883,0.549,0.623,0.553,0.672,0.514,0.432,0.15,0.0062,0.565,0.973,0.212,0.039,0
524,1048,17.4667,0.7239,0.2472,"195,172,217",0.5128,0.5236,,,0.512,0.456,0.958,0.0095,0.529,0.324,0.847,0.556,0.903,0.561,0.054,0.0,-1.0,-1.0,0.0,0.0,-1.0,-1.0,0.0,0.1665,0.548,0.55,0.675,0.7,0.225,0.358,0.21,0.3225,0.575,0.415,0.516,0.711,0.466,0.521,0.356,0.0204,0.601,0.941,0.272,0.094,1
525,1050,17.5,0.6189,0.2614,"172,141,204",0.2197,0.3504,,,0.503,0.478,0.973,0.0197,0.512,0.425,0.702,0.617,0.877,0.515,0.075,0.0,-1.0,-1.0,0.0,0.0,-1.0,-1.0,0.0,0.2785,0.519,0.398,0.572,0.683,0.461,0.315,0.371,0.17,0.645,0.433,0.478,0.628,0.473,0.508,0.225,0.0374,0.61,0.906,0.269,0.139,0
526,1052,17.5333,0.5923,0.2566,"162,136,192",0.1707,0.3622,0.0084,-0.1192,0.481,0.428,0.936,0.0103,0.353,0.476,0.756,0.622,0.221,0.682,0.063,0.0,-1.0,-1.0,0.0,0.0,-1.0,-1.0,0.0,0.2739,0.512,0.312,0.525,0.6,0.501,0.311,0.415,0.1167,0.622,0.39,0.634,0.5,0.8,0.391,0.21,0.0424,0.633,0.853,0.322,0.183,0
527,1054,17.5667,0.4966,0.2782,"153,99,192",0.2951,0.3133,,,0.491,0.35,0.85,0.0085,0.318,0.437,0.712,0.683,0.163,0.099,0.051,0.0005,0.028,0.914,0.033,0.086,0.03,0.901,0.024,0.4394,0.537,0.361,0.675,0.65,0.492,0.322,0.507,0.0887,0.75,0.422,0.538,0.394,0.875,0.439,0.215,0.0335,0.677,0.815,0.219,0.261,0
528,1056,17.6,0.548,0.3214,"157,121,186",0.2407,0.3625,0.0005,-0.0624,0.516,0.506,0.952,0.0072,0.429,0.412,0.769,0.759,0.849,0.77,0.058,0.0004,0.03,0.841,0.03,0.011,0.03,0.838,0.025,0.299,0.49,0.404,0.75,0.75,0.39,0.494,0.377,0.2325,0.668,0.394,0.55,0.411,0.664,0.395,0.39,0.0418,0.627,0.776,0.396,0.294,0
529,1058,17.6333,0.4013,0.2675,"113,84,165",0.3197,0.3053,0.0013,-0.0814,0.491,0.433,0.935,0.0265,0.795,0.461,0.169,0.775,0.784,0.479,0.081,0.0005,0.027,0.754,0.032,0.012,0.028,0.749,0.026,0.3119,0.495,0.309,0.581,0.544,0.456,0.294,0.433,0.0785,0.722,0.364,0.556,0.389,0.924,0.397,0.168,0.0464,0.578,0.718,0.597,0.328,0
530,1060,17.6667,0.4762,0.2805,"131,107,163",0.2511,0.3564,-0.0034,-0.0614,0.512,0.4,0.893,0.0133,0.552,0.457,0.764,0.4,0.786,0.52,0.058,0.0005,0.018,0.697,0.031,0.094,0.021,0.681,0.024,0.2553,0.466,0.331,0.534,0.528,0.427,0.301,0.391,0.075,0.685,0.321,0.747,0.517,0.864,0.37,0.183,0.0415,0.537,0.695,0.628,0.35,0
531,1062,17.7,0.4753,0.2961,"129,110,153",0.1571,0.3379,,,0.509,0.378,0.897,0.0079,0.392,0.504,0.869,0.687,0.956,0.834,0.05,0.0005,0.014,0.613,0.023,0.108,0.016,0.598,0.023,0.207,0.449,0.306,0.603,0.506,0.397,0.266,0.348,0.098,0.694,0.268,0.525,0.422,0.919,0.336,0.158,0.0397,0.451,0.692,0.661,0.461,0
532,1064,17.7333,0.4737,0.3169,"119,117,139",0.2234,0.349,-0.0083,-0.0879,0.469,0.317,0.804,0.0055,0.496,0.42,0.895,0.457,0.112,0.459,0.037,0.0004,0.011,0.515,0.021,0.091,0.012,0.499,0.021,0.0872,0.376,0.283,0.703,0.361,0.213,0.366,0.171,0.148,0.539,0.201,0.444,0.3,0.52,0.164,0.296,0.0463,0.395,0.685,0.662,0.45,0
533,1066,17.7667,0.3366,0.2558,"85,79,120",0.2981,0.2774,,,0.441,0.217,0.482,0.014,0.693,0.252,0.819,0.476,0.852,0.493,0.071,0.0004,0.01,0.397,0.018,0.016,0.012,0.386,0.021,0.1469,0.534,0.166,0.597,0.239,0.572,0.162,0.31,0.0409,0.803,0.328,0.619,0.525,0.949,0.444,0.135,0.0669,0.401,0.686,0.588,0.539,0
534,1068,17.8,0.3501,0.2723,"87,85,114",0.1717,0.2914,,,0.397,0.167,0.384,0.0132,0.488,0.316,0.753,0.483,0.86,0.51,0.073,0.0005,0.014,0.297,0.023,0.017,0.016,0.296,0.024,0.1314,0.537,0.149,0.594,0.256,0.552,0.141,0.29,0.0409,0.731,0.309,0.844,0.428,0.963,0.458,0.113,0.1012,0.436,0.686,0.453,0.594,0
535,1070,17.8333,0.3691,0.2964,"89,92,115",0.1778,0.3029,,,0.806,0.339,0.449,0.0163,0.237,0.412,0.75,0.567,0.134,0.58,0.089,0.0006,0.048,0.232,0.03,0.017,0.047,0.232,0.027,0.0702,0.467,0.266,0.525,0.878,0.522,0.113,0.193,0.0512,0.68,0.272,0.747,0.35,0.866,0.323,0.162,0.1228,0.453,0.662,0.375,0.611,0
536,1072,17.8667,0.3637,0.2952,"88,90,117",0.1828,0.293,,,0.197,0.494,0.459,0.0095,0.676,0.369,0.766,0.557,0.892,0.546,0.068,0.0003,0.092,0.228,0.023,0.108,0.097,0.192,0.018,0.0964,0.325,0.358,0.369,0.778,0.235,0.666,0.185,0.0401,0.788,0.385,0.778,0.477,0.919,0.404,0.141,0.1335,0.495,0.613,0.3,0.578,0
537,1074,17.9,0.4028,0.2914,"105,93,142",0.2183,0.3236,0.0004,-0.0026,0.347,0.567,0.686,0.0141,0.625,0.457,0.806,0.594,0.9,0.582,0.09,0.0003,0.167,0.173,0.023,0.011,0.166,0.173,0.022,0.1882,0.32,0.407,0.393,0.739,0.283,0.581,0.264,0.0373,0.782,0.325,0.312,0.628,0.718,0.071,0.092,0.0819,0.539,0.558,0.341,0.7,0
538,1076,17.9333,0.3368,0.2622,"81,77,138",0.3036,0.2689,0.0201,-0.0065,0.375,0.528,0.618,0.0506,0.67,0.231,0.861,0.572,0.862,0.143,0.117,0.0003,0.211,0.184,0.021,0.011,0.213,0.178,0.02,0.1515,0.4,0.409,0.645,0.706,0.257,0.515,0.262,0.0201,0.816,0.546,0.184,0.489,0.891,0.449,0.092,0.1242,0.574,0.506,0.291,0.633,0
539,1078,17.9667,0.5022,0.3139,"135,115,170",0.3871,0.422,,,0.4,0.539,0.867,0.0202,0.495,0.336,0.862,0.732,0.815,0.098,0.06,0.0,-1.0,-1.0,0.0,0.0,-1.0,-1.0,0.0,0.2485,0.32,0.447,0.516,0.817,0.3,0.44,0.4,0.0867,0.66,0.565,0.664,0.567,0.836,0.628,0.185,0.0844,0.609,0.461,0.244,0.544,0
540,1080,18.0,0.4944,0.304,"133,112,176",0.1842,0.3635,0.0157,-0.0021,0.412,0.544,0.902,0.0331,0.676,0.259,0.754,0.561,0.745,0.583,0.092,0.0,-1.0,-1.0,0.0,0.0,-1.0,-1.0,0.0,0.2419,0.325,0.526,0.319,0.767,0.311,0.484,0.378,0.0962,0.552,0.58,0.906,0.617,0.909,0.613,0.167,0.062,0.598,0.428,0.2,0.511,0
541,1082,18.0333,0.4321,0.259,"114,95,176",0.2572,0.2914,,,0.409,0.567,0.848,0.0478,0.679,0.344,0.459,0.661,0.74,0.367,0.184,0.0,-1.0,-1.0,0.0,0.0,-1.0,-1.0,0.0,0.2944,0.338,0.492,0.488,0.767,0.336,0.49,0.445,0.0281,0.452,0.629,0.853,0.506,0.893,0.692,0.09,0.0282,0.539,0.394,0.147,0.572,0
542,1084,18.0667,0.5181,0.275,"143,114,192",0.2115,0.3795,0.0006,-0.0029,0.403,0.539,0.916,0.0171,0.565,0.387,0.73,0.637,0.718,0.235,0.084,0.0001,-1.0,-1.0,0.0,0.0,0.588,0.358,0.014,0.3483,0.356,0.449,0.556,0.817,0.364,0.452,0.476,0.0993,0.438,0.656,0.822,0.467,0.353,0.605,0.187,0.0108,0.542,0.509,0.119,0.589,0
543,1086,18.1,0.559,0.2598,"157,123,199",0.1642,0.3814,,,0.394,0.556,0.89,0.0221,0.507,0.182,0.675,0.333,0.688,0.135,0.1,0.0002,0.494,0.331,0.012,0.006,0.494,0.331,0.017,0.3672,0.358,0.461,0.603,0.817,0.357,0.462,0.488,0.0703,0.495,0.624,0.612,0.506,0.369,0.611,0.137,0.0055,0.53,0.641,0.128,0.528,0
544,1088,18.1333,0.4703,0.2495,"126,102,191",0.2774,0.2883,-0.0054,0.0316,0.403,0.606,0.859,0.0435,0.433,0.371,0.666,0.506,0.677,0.245,0.101,0.0,-1.0,-1.0,0.0,0.0,0.481,0.328,0.009,0.3353,0.369,0.514,0.494,0.833,0.377,0.518,0.472,0.0366,0.365,0.615,0.131,0.211,0.358,0.636,0.15,0.0028,0.494,0.665,0.103,0.461,0
545,1090,18.1667,0.5469,0.2225,"147,123,200",0.2416,0.3826,,,0.416,0.611,0.849,0.063,0.452,0.357,0.738,0.857,0.105,0.269,0.135,0.0,-1.0,-1.0,0.0,0.0,-1.0,-1.0,0.0,0.3211,0.379,0.6,0.516,0.761,0.366,0.597,0.448,0.0269,0.487,0.567,0.525,0.356,0.393,0.648,0.093,0.0026,0.508,0.64,0.091,0.288,0
546,1092,18.2,0.5368,0.2243,"148,118,201",0.1006,0.3301,0.0039,-0.0107,0.419,0.6,0.848,0.0573,0.476,0.5,0.816,0.856,0.101,0.228,0.118,0.0,-1.0,-1.0,0.0,0.0,-1.0,-1.0,0.0,0.3527,0.382,0.585,0.484,0.756,0.373,0.579,0.465,0.0428,0.359,0.301,0.509,0.656,0.265,0.161,0.139,0.0026,0.523,0.631,0.091,0.272,0
547,1094,18.2333,0.5369,0.2243,"148,118,201",0.0099,0.326,-0.0,-0.0001,0.419,0.6,0.848,0.0574,0.481,0.501,0.812,0.856,0.1,0.228,0.118,0.0,-1.0,-1.0,0.0,0.0,-1.0,-1.0,0.0,0.3526,0.382,0.585,0.484,0.756,0.371,0.575,0.468,0.0427,0.359,0.301,0.509,0.656,0.265,0.161,0.139,0.0025,0.518,0.627,0.09,0.272,0
548,1096,18.2667,0.3678,0.3759,"94,92,95",0.8891,0.3573,,,0.497,0.511,0.916,0.0,-1.0,-1.0,0.0,0.0,-1.0,-1.0,0.0,0.0,-1.0,-1.0,0.0,0.0,-1.0,-1.0,0.0,0.0,-1.0,-1.0,0.0,0.0,-1.0,-1.0,0.0,0.1655,0.557,0.492,0.819,0.856,0.546,0.331,0.181,0.3641,0.519,0.501,0.788,0.772,1
549,1098,18.3,0.368,0.3758,"94,93,95",0.0094,0.223,-0.0001,-0.0001,0.497,0.511,0.916,0.0,-1.0,-1.0,0.0,0.0,-1.0,-1.0,0.0,0.0,-1.0,-1.0,0.0,0.0,-1.0,-1.0,0.0,0.0,-1.0,-1.0,0.0,0.0,-1.0,-1.0,0.0,0.1653,0.557,0.492,0.816,0.856,0.547,0.331,0.181,0.3631,0.519,0.501,0.788,0.772,0
550,1100,18.3333,0.3679,0.3758,"94,93,95",0.0084,0.2228,-0.0001,-0.0001,0.497,0.511,0.916,0.0,-1.0,-1.0,0.0,0.0,-1.0,-1.0,0.0,0.0,-1.0,-1.0,0.0,0.0,-1.0,-1.0,0.0,0.0,-1.0,-1.0,0.0,0.0,-1.0,-1.0,0.0,0.1655,0.557,0.492,0.819,0.856,0.546,0.331,0.182,0.3635,0.518,0.501,0.788,0.772,0
551,1102,18.3667,0.3681,0.3758,"94,93,95",0.0131,0.223,-0.0001,-0.0001,0.497,0.511,0.916,0.0,-1.0,-1.0,0.0,0.0,-1.0,-1.0,0.0,0.0,-1.0,-1.0,0.0,0.0,-1.0,-1.0,0.0,0.0,-1.0,-1.0,0.0,0.0,-1.0,-1.0,0.0,0.1654,0.557,0.492,0.819,0.856,0.546,0.33,0.181,0.3632,0.519,0.501,0.788,0.772,0
552,1104,18.4,0.1726,0.2917,"44,43,45",0.5511,0.2445,,,0.184,0.361,0.482,0.0,-1.0,-1.0,0.0,0.0,-1.0,-1.0,0.0,0.0,-1.0,-1.0,0.0,0.0,-1.0,-1.0,0.0,0.0,-1.0,-1.0,0.0,0.0,-1.0,-1.0,0.0,0.0971,0.146,0.548,0.228,0.739,0.146,0.548,0.25,0.5262,0.73,0.488,0.431,0.806,1
553,1106,18.4333,0.9892,0.09,"252,252,252",0.8056,0.9335,,,0.497,0.494,0.997,0.0,-1.0,-1.0,0.0,0.0,-1.0,-1.0,0.0,0.0,-1.0,-1.0,0.0,0.0,-1.0,-1.0,0.0,0.0,-1.0,-1.0,0.0,0.0,-1.0,-1.0,0.0,0.9846,0.501,0.504,0.797,0.789,0.5,0.502,0.749,0.0,-1.0,-1.0,0.0,0.0,1
554,1108,18.4667,0.9892,0.09,"252,252,252",0.004,0.5879,-0.0,-0.0002,0.497,0.494,0.997,0.0,-1.0,-1.0,0.0,0.0,-1.0,-1.0,0.0,0.0,-1.0,-1.0,0.0,0.0,-1.0,-1.0,0.0,0.0,-1.0,-1.0,0.0,0.0,-1.0,-1.0,0.0,0.9846,0.501,0.504,0.797,0.789,0.5,0.502,0.749,0.0,-1.0,-1.0,0.0,0.0,0
555,1110,18.5,0.9892,0.0899,"252,252,252",0.0011,0.5879,0.0001,0.0001,0.497,0.494,0.997,0.0,-1.0,-1.0,0.0,0.0,-1.0,-1.0,0.0,0.0,-1.0,-1.0,0.0,0.0,-1.0,-1.0,0.0,0.0,-1.0,-1.0,0.0,0.0,-1.0,-1.0,0.0,0.9846,0.501,0.504,0.797,0.789,0.5,0.502,0.749,0.0,-1.0,-1.0,0.0,0.0,0
556,1112,18.5333,0.9892,0.09,"252,252,252",0.0019,0.5879,0.0002,0.0002,0.497,0.494,0.997,0.0,-1.0,-1.0,0.0,0.0,-1.0,-1.0,0.0,0.0,-1.0,-1.0,0.0,0.0,-1.0,-1.0,0.0,0.0,-1.0,-1.0,0.0,0.0,-1.0,-1.0,0.0,0.9846,0.501,0.504,0.797,0.789,0.5,0.502,0.749,0.0,-1.0,-1.0,0.0,0.0,0
557,1114,18.5667,0.9892,0.09,"252,252,252",0.0002,0.5879,0.0,0.0,0.497,0.494,0.997,0.0,-1.0,-1.0,0.0,0.0,-1.0,-1.0,0.0,0.0,-1.0,-1.0,0.0,0.0,-1.0,-1.0,0.0,0.0,-1.0,-1.0,0.0,0.0,-1.0,-1.0,0.0,0.9846,0.501,0.504,0.797,0.789,0.5,0.502,0.749,0.0,-1.0,-1.0,0.0,0.0,0
558,1116,18.6,0.9892,0.09,"252,252,252",0.0003,0.5879,0.0001,0.0002,0.497,0.494,0.997,0.0,-1.0,-1.0,0.0,0.0,-1.0,-1.0,0.0,0.0,-1.0,-1.0,0.0,0.0,-1.0,-1.0,0.0,0.0,-1.0,-1.0,0.0,0.0,-1.0,-1.0,0.0,0.9846,0.501,0.504,0.797,0.789,0.5,0.502,0.749,0.0,-1.0,-1.0,0.0,0.0,0
559,1118,18.6333,0.9892,0.09,"252,252,252",0.0,0.5879,0.0,0.0001,0.497,0.494,0.997,0.0,-1.0,-1.0,0.0,0.0,-1.0,-1.0,0.0,0.0,-1.0,-1.0,0.0,0.0,-1.0,-1.0,0.0,0.0,-1.0,-1.0,0.0,0.0,-1.0,-1.0,0.0,0.9846,0.501,0.504,0.797,0.789,0.5,0.502,0.749,0.0,-1.0,-1.0,0.0,0.0,0
560,1120,18.6667,0.9892,0.09,"252,252,252",0.0002,0.5879,0.0001,0.0,0.497,0.494,0.997,0.0,-1.0,-1.0,0.0,0.0,-1.0,-1.0,0.0,0.0,-1.0,-1.0,0.0,0.0,-1.0,-1.0,0.0,0.0,-1.0,-1.0,0.0,0.0,-1.0,-1.0,0.0,0.9846,0.501,0.504,0.797,0.789,0.5,0.502,0.749,0.0,-1.0,-1.0,0.0,0.0,0
561,1122,18.7,0.9892,0.09,"252,252,252",0.0258,0.5879,0.0,0.0001,0.497,0.494,0.997,0.0,-1.0,-1.0,0.0,0.0,-1.0,-1.0,0.0,0.0,-1.0,-1.0,0.0,0.0,-1.0,-1.0,0.0,0.0,-1.0,-1.0,0.0,0.0,-1.0,-1.0,0.0,0.9846,0.501,0.504,0.797,0.789,0.5,0.502,0.749,0.0,-1.0,-1.0,0.0,0.0,0
562,1124,18.7333,0.9892,0.09,"252,252,252",0.0035,0.5879,0.0,0.0001,0.497,0.494,0.997,0.0,-1.0,-1.0,0.0,0.0,-1.0,-1.0,0.0,0.0,-1.0,-1.0,0.0,0.0,-1.0,-1.0,0.0,0.0,-1.0,-1.0,0.0,0.0,-1.0,-1.0,0.0,0.9846,0.501,0.504,0.797,0.789,0.5,0.502,0.749,0.0,-1.0,-1.0,0.0,0.0,0
563,1126,18.7667,0.9859,0.0966,"251,251,251",0.0291,0.5857,0.0,-0.0002,0.497,0.494,0.997,0.0,-1.0,-1.0,0.0,0.0,-1.0,-1.0,0.0,0.0,-1.0,-1.0,0.0,0.0,-1.0,-1.0,0.0,0.0,-1.0,-1.0,0.0,0.0,-1.0,-1.0,0.0,0.9755,0.504,0.504,0.797,0.789,0.5,0.501,0.748,0.0,-1.0,-1.0,0.0,0.0,0
564,1128,18.8,0.9892,0.09,"252,252,252",0.0291,0.5898,0.0,0.0002,0.497,0.494,0.997,0.0,-1.0,-1.0,0.0,0.0,-1.0,-1.0,0.0,0.0,-1.0,-1.0,0.0,0.0,-1.0,-1.0,0.0,0.0,-1.0,-1.0,0.0,0.0,-1.0,-1.0,0.0,0.9846,0.501,0.504,0.797,0.789,0.5,0.502,0.749,0.0,-1.0,-1.0,0.0,0.0,0
565,1130,18.8333,0.9892,0.09,"252,252,252",0.0243,0.5879,0.0001,0.0001,0.497,0.494,0.997,0.0,-1.0,-1.0,0.0,0.0,-1.0,-1.0,0.0,0.0,-1.0,-1.0,0.0,0.0,-1.0,-1.0,0.0,0.0,-1.0,-1.0,0.0,0.0,-1.0,-1.0,0.0,0.9846,0.501,0.504,0.797,0.789,0.5,0.502,0.749,0.0,-1.0,-1.0,0.0,0.0,0
566,1132,18.8667,0.9892,0.09,"252,252,252",0.0003,0.5879,0.0001,0.0,0.497,0.494,0.997,0.0,-1.0,-1.0,0.0,0.0,-1.0,-1.0,0.0,0.0,-1.0,-1.0,0.0,0.0,-1.0,-1.0,0.0,0.0,-1.0,-1.0,0.0,0.0,-1.0,-1.0,0.0,0.9845,0.501,0.504,0.797,0.789,0.5,0.502,0.749,0.0,-1.0,-1.0,0.0,0.0,0
567,1134,18.9,0.9892,0.09,"252,252,252",0.0007,0.5879,0.0,0.0002,0.497,0.494,0.997,0.0,-1.0,-1.0,0.0,0.0,-1.0,-1.0,0.0,0.0,-1.0,-1.0,0.0,0.0,-1.0,-1.0,0.0,0.0,-1.0,-1.0,0.0,0.0,-1.0,-1.0,0.0,0.9846,0.501,0.504,0.797,0.789,0.5,0.502,0.749,0.0,-1.0,-1.0,0.0,0.0,0
568,1136,18.9333,0.9892,0.09,"252,252,252",0.0003,0.5879,-0.0,0.0001,0.497,0.494,0.997,0.0,-1.0,-1.0,0.0,0.0,-1.0,-1.0,0.0,0.0,-1.0,-1.0,0.0,0.0,-1.0,-1.0,0.0,0.0,-1.0,-1.0,0.0,0.0,-1.0,-1.0,0.0,0.9846,0.501,0.504,0.797,0.789,0.5,0.502,0.749,0.0,-1.0,-1.0,0.0,0.0,0
569,1138,18.9667,0.9892,0.09,"252,252,252",0.0003,0.5879,0.0,0.0,0.497,0.494,0.997,0.0,-1.0,-1.0,0.0,0.0,-1.0,-1.0,0.0,0.0,-1.0,-1.0,0.0,0.0,-1.0,-1.0,0.0,0.0,-1.0,-1.0,0.0,0.0,-1.0,-1.0,0.0,0.9845,0.501,0.504,0.797,0.789,0.5,0.502,0.749,0.0,-1.0,-1.0,0.0,0.0,0
570,1140,19.0,0.9892,0.09,"252,252,252",0.0003,0.5879,0.0,0.0001,0.497,0.494,0.997,0.0,-1.0,-1.0,0.0,0.0,-1.0,-1.0,0.0,0.0,-1.0,-1.0,0.0,0.0,-1.0,-1.0,0.0,0.0,-1.0,-1.0,0.0,0.0,-1.0,-1.0,0.0,0.9846,0.501,0.504,0.797,0.789,0.5,0.502,0.749,0.0,-1.0,-1.0,0.0,0.0,0
571,1142,19.0333,0.9892,0.09,"252,252,252",0.0003,0.5879,0.0,0.0,0.497,0.494,0.997,0.0,-1.0,-1.0,0.0,0.0,-1.0,-1.0,0.0,0.0,-1.0,-1.0,0.0,0.0,-1.0,-1.0,0.0,0.0,-1.0,-1.0,0.0,0.0,-1.0,-1.0,0.0,0.9846,0.501,0.504,0.797,0.789,0.5,0.502,0.749,0.0,-1.0,-1.0,0.0,0.0,0
572,1144,19.0667,0.9892,0.09,"252,252,252",0.0,0.5879,0.0001,0.0,0.497,0.494,0.997,0.0,-1.0,-1.0,0.0,0.0,-1.0,-1.0,0.0,0.0,-1.0,-1.0,0.0,0.0,-1.0,-1.0,0.0,0.0,-1.0,-1.0,0.0,0.0,-1.0,-1.0,0.0,0.9846,0.501,0.504,0.797,0.789,0.5,0.502,0.749,0.0,-1.0,-1.0,0.0,0.0,0
573,1146,19.1,0.9892,0.09,"252,252,252",0.0051,0.5879,0.0001,0.0,0.497,0.494,0.997,0.0,-1.0,-1.0,0.0,0.0,-1.0,-1.0,0.0,0.0,-1.0,-1.0,0.0,0.0,-1.0,-1.0,0.0,0.0,-1.0,-1.0,0.0,0.0,-1.0,-1.0,0.0,0.9846,0.501,0.504,0.797,0.789,0.5,0.502,0.749,0.0,-1.0,-1.0,0.0,0.0,0
574,1148,19.1333,0.9892,0.09,"252,252,252",0.0003,0.5879,0.0,0.0002,0.497,0.494,0.997,0.0,-1.0,-1.0,0.0,0.0,-1.0,-1.0,0.0,0.0,-1.0,-1.0,0.0,0.0,-1.0,-1.0,0.0,0.0,-1.0,-1.0,0.0,0.0,-1.0,-1.0,0.0,0.9846,0.501,0.504,0.797,0.789,0.5,0.502,0.749,0.0,-1.0,-1.0,0.0,0.0,0
575,1150,19.1667,0.9892,0.09,"252,252,252",0.0002,0.5879,-0.0,0.0,0.497,0.494,0.997,0.0,-1.0,-1.0,0.0,0.0,-1.0,-1.0,0.0,0.0,-1.0,-1.0,0.0,0.0,-1.0,-1.0,0.0,0.0,-1.0,-1.0,0.0,0.0,-1.0,-1.0,0.0,0.9846,0.501,0.504,0.797,0.789,0.5,0.502,0.749,0.0,-1.0,-1.0,0.0,0.0,0
576,1152,19.2,0.9892,0.09,"252,252,252",0.0002,0.5879,0.0001,-0.0001,0.497,0.494,0.997,0.0,-1.0,-1.0,0.0,0.0,-1.0,-1.0,0.0,0.0,-1.0,-1.0,0.0,0.0,-1.0,-1.0,0.0,0.0,-1.0,-1.0,0.0,0.0,-1.0,-1.0,0.0,0.9846,0.501,0.504,0.797,0.789,0.5,0.502,0.749,0.0,-1.0,-1.0,0.0,0.0,0
577,1154,19.2333,0.9892,0.09,"252,252,252",0.01,0.5879,0.0001,0.0003,0.497,0.494,0.997,0.0,-1.0,-1.0,0.0,0.0,-1.0,-1.0,0.0,0.0,-1.0,-1.0,0.0,0.0,-1.0,-1.0,0.0,0.0,-1.0,-1.0,0.0,0.0,-1.0,-1.0,0.0,0.9846,0.501,0.504,0.797,0.789,0.5,0.502,0.749,0.0,-1.0,-1.0,0.0,0.0,0
578,1156,19.2667,0.9892,0.09,"252,252,252",0.0051,0.5879,0.0,0.0,0.497,0.494,0.997,0.0,-1.0,-1.0,0.0,0.0,-1.0,-1.0,0.0,0.0,-1.0,-1.0,0.0,0.0,-1.0,-1.0,0.0,0.0,-1.0,-1.0,0.0,0.0,-1.0,-1.0,0.0,0.9846,0.501,0.504,0.797,0.789,0.5,0.502,0.749,0.0,-1.0,-1.0,0.0,0.0,0
579,1158,19.3,0.9892,0.09,"252,252,252",0.0051,0.5879,0.0,0.0001,0.497,0.494,0.997,0.0,-1.0,-1.0,0.0,0.0,-1.0,-1.0,0.0,0.0,-1.0,-1.0,0.0,0.0,-1.0,-1.0,0.0,0.0,-1.0,-1.0,0.0,0.0,-1.0,-1.0,0.0,0.9846,0.501,0.504,0.797,0.789,0.5,0.502,0.749,0.0,-1.0,-1.0,0.0,0.0,0
580,1160,19.3333,0.9892,0.09,"252,252,252",0.0098,0.5879,0.0,0.0001,0.497,0.494,0.997,0.0,-1.0,-1.0,0.0,0.0,-1.0,-1.0,0.0,0.0,-1.0,-1.0,0.0,0.0,-1.0,-1.0,0.0,0.0,-1.0,-1.0,0.0,0.0,-1.0,-1.0,0.0,0.9846,0.501,0.504,0.797,0.789,0.5,0.502,0.749,0.0,-1.0,-1.0,0.0,0.0,0
581,1162,19.3667,0.9892,0.09,"252,252,252",0.0,0.5879,0.0,0.0001,0.497,0.494,0.997,0.0,-1.0,-1.0,0.0,0.0,-1.0,-1.0,0.0,0.0,-1.0,-1.0,0.0,0.0,-1.0,-1.0,0.0,0.0,-1.0,-1.0,0.0,0.0,-1.0,-1.0,0.0,0.9846,0.501,0.504,0.797,0.789,0.5,0.502,0.749,0.0,-1.0,-1.0,0.0,0.0,0
582,1164,19.4,0.9892,0.09,"252,252,252",0.0,0.5879,0.0,0.0001,0.497,0.494,0.997,0.0,-1.0,-1.0,0.0,0.0,-1.0,-1.0,0.0,0.0,-1.0,-1.0,0.0,0.0,-1.0,-1.0,0.0,0.0,-1.0,-1.0,0.0,0.0,-1.0,-1.0,0.0,0.9846,0.501,0.504,0.797,0.789,0.5,0.502,0.749,0.0,-1.0,-1.0,0.0,0.0,0
583,1166,19.4333,0.9892,0.09,"252,252,252",0.0,0.5879,0.0,0.0001,0.497,0.494,0.997,0.0,-1.0,-1.0,0.0,0.0,-1.0,-1.0,0.0,0.0,-1.0,-1.0,0.0,0.0,-1.0,-1.0,0.0,0.0,-1.0,-1.0,0.0,0.0,-1.0,-1.0,0.0,0.9846,0.501,0.504,0.797,0.789,0.5,0.502,0.749,0.0,-1.0,-1.0,0.0,0.0,0
584,1168,19.4667,0.9892,0.09,"252,252,252",0.0,0.5879,0.0,0.0001,0.497,0.494,0.997,0.0,-1.0,-1.0,0.0,0.0,-1.0,-1.0,0.0,0.0,-1.0,-1.0,0.0,0.0,-1.0,-1.0,0.0,0.0,-1.0,-1.0,0.0,0.0,-1.0,-1.0,0.0,0.9846,0.501,0.504,0.797,0.789,0.5,0.502,0.749,0.0,-1.0,-1.0,0.0,0.0,0
585,1170,19.5,0.9892,0.09,"252,252,252",0.0,0.5879,0.0,0.0001,0.497,0.494,0.997,0.0,-1.0,-1.0,0.0,0.0,-1.0,-1.0,0.0,0.0,-1.0,-1.0,0.0,0.0,-1.0,-1.0,0.0,0.0,-1.0,-1.0,0.0,0.0,-1.0,-1.0,0.0,0.9846,0.501,0.504,0.797,0.789,0.5,0.502,0.749,0.0,-1.0,-1.0,0.0,0.0,0
586,1172,19.5333,0.9892,0.09,"252,252,252",0.0,0.5879,0.0,0.0001,0.497,0.494,0.997,0.0,-1.0,-1.0,0.0,0.0,-1.0,-1.0,0.0,0.0,-1.0,-1.0,0.0,0.0,-1.0,-1.0,0.0,0.0,-1.0,-1.0,0.0,0.0,-1.0,-1.0,0.0,0.9846,0.501,0.504,0.797,0.789,0.5,0.502,0.749,0.0,-1.0,-1.0,0.0,0.0,0
587,1174,19.5667,0.9892,0.09,"252,252,252",0.0003,0.5879,0.0075,-0.0048,0.497,0.494,0.997,0.0,-1.0,-1.0,0.0,0.0,-1.0,-1.0,0.0,0.0,-1.0,-1.0,0.0,0.0,-1.0,-1.0,0.0,0.0,-1.0,-1.0,0.0,0.0,-1.0,-1.0,0.0,0.9846,0.501,0.504,0.797,0.789,0.5,0.502,0.749,0.0,-1.0,-1.0,0.0,0.0,0
588,1176,19.6,0.9892,0.09,"252,252,252",0.0001,0.5879,0.0038,-0.0012,0.497,0.494,0.997,0.0,-1.0,-1.0,0.0,0.0,-1.0,-1.0,0.0,0.0,-1.0,-1.0,0.0,0.0,-1.0,-1.0,0.0,0.0,-1.0,-1.0,0.0,0.0,-1.0,-1.0,0.0,0.9846,0.501,0.504,0.797,0.789,0.5,0.502,0.749,0.0,-1.0,-1.0,0.0,0.0,0
589,1178,19.6333,0.9892,0.09,"252,252,252",0.0001,0.5879,0.0003,-0.001,0.497,0.494,0.997,0.0,-1.0,-1.0,0.0,0.0,-1.0,-1.0,0.0,0.0,-1.0,-1.0,0.0,0.0,-1.0,-1.0,0.0,0.0,-1.0,-1.0,0.0,0.0,-1.0,-1.0,0.0,0.9846,0.501,0.504,0.797,0.789,0.5,0.502,0.749,0.0,-1.0,-1.0,0.0,0.0,0
590,1180,19.6667,0.9892,0.09,"252,252,252",0.0003,0.5879,0.0017,-0.0015,0.497,0.494,0.997,0.0,-1.0,-1.0,0.0,0.0,-1.0,-1.0,0.0,0.0,-1.0,-1.0,0.0,0.0,-1.0,-1.0,0.0,0.0,-1.0,-1.0,0.0,0.0,-1.0,-1.0,0.0,0.9846,0.501,0.504,0.797,0.789,0.5,0.502,0.749,0.0,-1.0,-1.0,0.0,0.0,0
591,1182,19.7,0.9892,0.09,"252,252,252",0.0003,0.5879,0.0024,-0.0057,0.497,0.494,0.997,0.0,-1.0,-1.0,0.0,0.0,-1.0,-1.0,0.0,0.0,-1.0,-1.0,0.0,0.0,-1.0,-1.0,0.0,0.0,-1.0,-1.0,0.0,0.0,-1.0,-1.0,0.0,0.9846,0.501,0.504,0.797,0.789,0.5,0.502,0.749,0.0,-1.0,-1.0,0.0,0.0,0
592,1184,19.7333,0.9892,0.09,"252,252,252",0.0003,0.5879,0.0065,-0.0082,0.497,0.494,0.997,0.0,-1.0,-1.0,0.0,0.0,-1.0,-1.0,0.0,0.0,-1.0,-1.0,0.0,0.0,-1.0,-1.0,0.0,0.0,-1.0,-1.0,0.0,0.0,-1.0,-1.0,0.0,0.9846,0.501,0.504,0.797,0.789,0.5,0.502,0.749,0.0,-1.0,-1.0,0.0,0.0,0
593,1186,19.7667,0.9892,0.09,"252,252,252",0.0001,0.5879,0.012,-0.016,0.497,0.494,0.997,0.0,-1.0,-1.0,0.0,0.0,-1.0,-1.0,0.0,0.0,-1.0,-1.0,0.0,0.0,-1.0,-1.0,0.0,0.0,-1.0,-1.0,0.0,0.0,-1.0,-1.0,0.0,0.9846,0.501,0.504,0.797,0.789,0.5,0.502,0.749,0.0,-1.0,-1.0,0.0,0.0,0
594,1188,19.8,0.9892,0.09,"252,252,252",0.0001,0.5879,0.0121,-0.0106,0.497,0.494,0.997,0.0,-1.0,-1.0,0.0,0.0,-1.0,-1.0,0.0,0.0,-1.0,-1.0,0.0,0.0,-1.0,-1.0,0.0,0.0,-1.0,-1.0,0.0,0.0,-1.0,-1.0,0.0,0.9846,0.501,0.504,0.797,0.789,0.5,0.502,0.749,0.0,-1.0,-1.0,0.0,0.0,0
595,1190,19.8333,0.9892,0.09,"252,252,252",0.0001,0.5879,0.024,-0.0402,0.497,0.494,0.997,0.0,-1.0,-1.0,0.0,0.0,-1.0,-1.0,0.0,0.0,-1.0,-1.0,0.0,0.0,-1.0,-1.0,0.0,0.0,-1.0,-1.0,0.0,0.0,-1.0,-1.0,0.0,0.9846,0.501,0.504,0.797,0.789,0.5,0.502,0.749,0.0,-1.0,-1.0,0.0,0.0,0
596,1192,19.8667,0.9892,0.09,"252,252,252",0.0,0.5879,0.0194,-0.0207,0.497,0.494,0.997,0.0,-1.0,-1.0,0.0,0.0,-1.0,-1.0,0.0,0.0,-1.0,-1.0,0.0,0.0,-1.0,-1.0,0.0,0.0,-1.0,-1.0,0.0,0.0,-1.0,-1.0,0.0,0.9846,0.501,0.504,0.797,0.789,0.5,0.502,0.749,0.0,-1.0,-1.0,0.0,0.0,0
597,1194,19.9,0.9892,0.09,"252,252,252",0.0001,0.5879,0.018,-0.0292,0.497,0.494,0.997,0.0,-1.0,-1.0,0.0,0.0,-1.0,-1.0,0.0,0.0,-1.0,-1.0,0.0,0.0,-1.0,-1.0,0.0,0.0,-1.0,-1.0,0.0,0.0,-1.0,-1.0,0.0,0.9846,0.501,0.504,0.797,0.789,0.5,0.502,0.749,0.0,-1.0,-1.0,0.0,0.0,0
598,1196,19.9333,0.9892,0.09,"252,252,252",0.0001,0.5879,0.0155,-0.0246,0.497,0.494,0.997,0.0,-1.0,-1.0,0.0,0.0,-1.0,-1.0,0.0,0.0,-1.0,-1.0,0.0,0.0,-1.0,-1.0,0.0,0.0,-1.0,-1.0,0.0,0.0,-1.0,-1.0,0.0,0.9846,0.501,0.504,0.797,0.789,0.5,0.502,0.749,0.0,-1.0,-1.0,0.0,0.0,0
599,1198,19.9667,0.9892,0.09,"252,252,252",0.0,0.5879,0.0,-0.0,0.497,0.494,0.997,0.0,-1.0,-1.0,0.0,0.0,-1.0,-1.0,0.0,0.0,-1.0,-1.0,0.0,0.0,-1.0,-1.0,0.0,0.0,-1.0,-1.0,0.0,0.0,-1.0,-1.0,0.0,0.9846,0.501,0.504,0.797,0.789,0.5,0.502,0.749,0.0,-1.0,-1.0,0.0,0.0,0
600,1200,20.0,0.9875,0.0898,"251,251,249",0.675,0.5862,-0.0001,0.0001,0.503,0.5,0.994,0.0,-1.0,-1.0,0.0,0.0,-1.0,-1.0,0.0,0.0,-1.0,-1.0,0.0,0.0,-1.0,-1.0,0.0,0.0,-1.0,-1.0,0.0,0.0,-1.0,-1.0,0.0,0.9846,0.501,0.504,0.797,0.789,0.5,0.502,0.749,0.0,-1.0,-1.0,0.0,0.0,1
601,1202,20.0333,0.9892,0.09,"252,252,252",0.6718,0.5886,0.0001,-0.0003,0.497,0.494,0.997,0.0,-1.0,-1.0,0.0,0.0,-1.0,-1.0,0.0,0.0,-1.0,-1.0,0.0,0.0,-1.0,-1.0,0.0,0.0,-1.0,-1.0,0.0,0.0,-1.0,-1.0,0.0,0.9846,0.501,0.504,0.797,0.789,0.5,0.502,0.749,0.0,-1.0,-1.0,0.0,0.0,1
602,1204,20.0667,0.9892,0.09,"252,252,252",0.0329,0.5879,-0.0,0.0,0.497,0.494,0.997,0.0,-1.0,-1.0,0.0,0.0,-1.0,-1.0,0.0,0.0,-1.0,-1.0,0.0,0.0,-1.0,-1.0,0.0,0.0,-1.0,-1.0,0.0,0.0,-1.0,-1.0,0.0,0.9846,0.501,0.504,0.797,0.789,0.5,0.502,0.749,0.0,-1.0,-1.0,0.0,0.0,0
603,1206,20.1,0.9892,0.0901,"252,252,252",0.0377,0.5879,0.0,-0.0,0.497,0.494,0.997,0.0,-1.0,-1.0,0.0,0.0,-1.0,-1.0,0.0,0.0,-1.0,-1.0,0.0,0.0,-1.0,-1.0,0.0,0.0,-1.0,-1.0,0.0,0.0,-1.0,-1.0,0.0,0.9846,0.501,0.504,0.797,0.789,0.5,0.502,0.749,0.0,-1.0,-1.0,0.0,0.0,0
604,1208,20.1333,0.9892,0.0901,"252,252,252",0.0003,0.5879,0.0,-0.0,0.497,0.494,0.997,0.0,-1.0,-1.0,0.0,0.0,-1.0,-1.0,0.0,0.0,-1.0,-1.0,0.0,0.0,-1.0,-1.0,0.0,0.0,-1.0,-1.0,0.0,0.0,-1.0,-1.0,0.0,0.9846,0.501,0.504,0.797,0.789,0.5,0.502,0.749,0.0,-1.0,-1.0,0.0,0.0,0
605,1210,20.1667,0.9892,0.0901,"252,252,252",0.0049,0.5879,0.002,0.0012,0.497,0.494,0.997,0.0,-1.0,-1.0,0.0,0.0,-1.0,-1.0,0.0,0.0,-1.0,-1.0,0.0,0.0,-1.0,-1.0,0.0,0.0,-1.0,-1.0,0.0,0.0,-1.0,-1.0,0.0,0.9846,0.501,0.504,0.797,0.789,0.5,0.502,0.749,0.0,-1.0,-1.0,0.0,0.0,0
606,1212,20.2,0.9887,0.0918,"252,252,252",0.0082,0.5883,-0.0004,-0.0067,0.497,0.494,0.997,0.0,-1.0,-1.0,0.0,0.0,-1.0,-1.0,0.0,0.0,-1.0,-1.0,0.0,0.0,-1.0,-1.0,0.0,0.0,-1.0,-1.0,0.0,0.0,-1.0,-1.0,0.0,0.9838,0.501,0.505,0.797,0.789,0.5,0.502,0.749,0.0,-1.0,-1.0,0.0,0.0,0
607,1214,20.2333,0.9887,0.0918,"252,252,252",0.0042,0.5889,-0.0001,0.0702,0.5,0.522,0.993,0.0,-1.0,-1.0,0.0,0.0,-1.0,-1.0,0.0,0.0,-1.0,-1.0,0.0,0.0,-1.0,-1.0,0.0,0.0,-1.0,-1.0,0.0,0.0,-1.0,-1.0,0.0,0.9838,0.501,0.504,0.797,0.789,0.5,0.502,0.749,0.0,-1.0,-1.0,0.0,0.0,0
608,1216,20.2667,0.9887,0.0917,"252,252,252",0.0095,0.5887,0.0005,0.0132,0.497,0.528,0.989,0.0,-1.0,-1.0,0.0,0.0,-1.0,-1.0,0.0,0.0,-1.0,-1.0,0.0,0.0,-1.0,-1.0,0.0,0.0,-1.0,-1.0,0.0,0.0,-1.0,-1.0,0.0,0.9835,0.501,0.504,0.797,0.789,0.5,0.502,0.749,0.0,-1.0,-1.0,0.0,0.0,0
609,1218,20.3,0.9887,0.0918,"252,252,252",0.0242,0.5879,0.0004,-0.0017,0.497,0.528,0.989,0.0,-1.0,-1.0,0.0,0.0,-1.0,-1.0,0.0,0.0,-1.0,-1.0,0.0,0.0,-1.0,-1.0,0.0,0.0,-1.0,-1.0,0.0,0.0,-1.0,-1.0,0.0,0.9838,0.501,0.504,0.797,0.789,0.5,0.502,0.749,0.0,-1.0,-1.0,0.0,0.0,0
610,1220,20.3333,0.9885,0.0919,"252,252,252",0.0517,0.5879,-0.0001,-0.0028,0.494,0.528,0.989,0.0,-1.0,-1.0,0.0,0.0,-1.0,-1.0,0.0,0.0,-1.0,-1.0,0.0,0.0,-1.0,-1.0,0.0,0.0,-1.0,-1.0,0.0,0.0,-1.0,-1.0,0.0,0.9836,0.501,0.504,0.797,0.789,0.5,0.502,0.749,0.0,-1.0,-1.0,0.0,0.0,0
611,1222,20.3667,0.987,0.0942,"251,251,251",0.1251,0.5866,0.0,-0.0002,0.453,0.5,0.984,0.0,-1.0,-1.0,0.0,0.0,-1.0,-1.0,0.0,0.0,-1.0,-1.0,0.0,0.0,0.544,0.992,0.008,0.0001,-1.0,-1.0,0.0,0.0,0.503,0.992,0.012,0.9811,0.501,0.504,0.797,0.789,0.5,0.501,0.749,0.0,-1.0,-1.0,0.0,0.0,0
612,1224,20.4,0.4687,0.09,"109,123,127",0.9861,0.2671,0.0013,0.0008,0.453,0.356,0.549,0.0,-1.0,-1.0,0.0,0.0,-1.0,-1.0,0.0,0.0001,-1.0,-1.0,0.0,0.0,0.529,0.974,0.012,0.0014,0.196,0.438,0.116,0.039,0.138,0.383,0.037,0.0001,0.071,0.029,0.104,0.008,0.099,0.029,0.013,0.0001,0.194,0.906,0.006,0.011,1
613,1226,20.4333,0.4691,0.0903,"108,123,126",0.0822,0.2806,0.0,-0.0005,0.453,0.356,0.549,0.0,-1.0,-1.0,0.0,0.0,-1.0,-1.0,0.0,0.0001,-1.0,-1.0,0.0,0.0,0.539,0.956,0.015,0.0017,0.229,0.493,0.36,0.583,0.172,0.39,0.052,0.0001,0.071,0.029,0.104,0.008,0.099,0.029,0.013,0.0001,0.194,0.889,0.006,0.011,0
614,1228,20.4667,0.469,0.0909,"108,123,127",0.0284,0.2803,-0.0,-0.0003,0.453,0.356,0.549,0.0,-1.0,-1.0,0.0,0.0,-1.0,-1.0,0.0,0.0001,-1.0,-1.0,0.0,0.0,0.539,0.939,0.015,0.0016,0.227,0.487,0.361,0.567,0.172,0.39,0.053,0.0001,0.071,0.029,0.104,0.008,0.099,0.029,0.013,0.0001,0.194,0.872,0.006,0.011,0
615,1230,20.5,0.4693,0.0914,"108,123,127",0.032,0.2805,-0.0,-0.0001,0.453,0.356,0.549,0.0,-1.0,-1.0,0.0,0.0,-1.0,-1.0,0.0,0.0001,-1.0,-1.0,0.0,0.0,0.539,0.928,0.015,0.0015,0.2,0.44,0.116,0.042,0.172,0.39,0.052,0.0001,0.071,0.029,0.104,0.008,0.099,0.029,0.013,0.0001,0.193,0.862,0.005,0.008,0
616,1232,20.5333,0.4691,0.0921,"108,123,127",0.0311,0.2802,-0.0001,-0.0002,0.453,0.356,0.549,0.0,-1.0,-1.0,0.0,0.0,-1.0,-1.0,0.0,0.0001,0.471,0.828,0.212,0.267,0.539,0.917,0.015,0.0015,0.218,0.454,0.361,0.539,0.172,0.389,0.051,0.0001,0.071,0.029,0.104,0.008,0.099,0.029,0.013,0.0001,-1.0,-1.0,0.0,0.0,0
617,1234,20.5667,0.4697,0.0926,"108,123,127",0.025,0.2808,-0.0,-0.0003,0.453,0.356,0.55,0.0,-1.0,-1.0,0.0,0.0,-1.0,-1.0,0.0,0.0001,-1.0,-1.0,0.0,0.0,0.539,0.906,0.015,0.0015,0.219,0.456,0.359,0.529,0.172,0.39,0.052,0.0001,0.071,0.029,0.104,0.008,0.099,0.029,0.013,0.0001,-1.0,-1.0,0.0,0.0,0
618,1236,20.6,0.4695,0.0931,"108,123,127",0.0241,0.2804,0.0,-0.0003,0.453,0.356,0.55,0.0,-1.0,-1.0,0.0,0.0,-1.0,-1.0,0.0,0.0001,-1.0,-1.0,0.0,0.0,0.539,0.894,0.015,0.0016,0.23,0.469,0.372,0.522,0.139,0.383,0.038,0.0001,0.151,0.086,0.302,0.142,0.099,0.029,0.013,0.0001,-1.0,-1.0,0.0,0.0,0
619,1238,20.6333,0.4698,0.0935,"108,123,127",0.0257,0.2807,-0.0001,-0.0003,0.453,0.356,0.551,0.0,-1.0,-1.0,0.0,0.0,-1.0,-1.0,0.0,0.0001,-1.0,-1.0,0.0,0.0,0.539,0.889,0.015,0.0016,0.233,0.473,0.372,0.517,0.139,0.383,0.038,0.0001,0.071,0.029,0.104,0.008,0.099,0.029,0.013,0.0001,-1.0,-1.0,0.0,0.0,0
620,1240,20.6667,0.4699,0.0939,"108,123,127",0.0216,0.2806,-0.0002,-0.0003,0.453,0.356,0.551,0.0,-1.0,-1.0,0.0,0.0,-1.0,-1.0,0.0,0.0001,-1.0,-1.0,0.0,0.0,0.539,0.883,0.015,0.0015,0.215,0.444,0.359,0.352,0.139,0.383,0.038,0.0001,0.071,0.029,0.104,0.008,0.099,0.029,0.013,0.0,-1.0,-1.0,0.0,0.0,0
621,1242,20.7,0.4706,0.0941,"108,124,128",0.0267,0.2812,0.0001,-0.0001,0.453,0.356,0.553,0.0,-1.0,-1.0,0.0,0.0,-1.0,-1.0,0.0,0.0,-1.0,-1.0,0.0,0.0,0.531,0.878,0.009,0.0018,0.256,0.506,0.403,0.506,0.139,0.383,0.038,0.0001,0.152,0.085,0.304,0.139,0.099,0.029,0.013,0.0001,-1.0,-1.0,0.0,0.0,0
622,1244,20.7333,0.4707,0.0944,"108,124,128",0.0245,0.2811,0.0001,-0.0007,0.453,0.356,0.554,0.0,-1.0,-1.0,0.0,0.0,-1.0,-1.0,0.0,0.0001,-1.0,-1.0,0.0,0.0,0.539,0.872,0.015,0.0015,0.227,0.464,0.372,0.5,0.138,0.383,0.037,0.0001,0.153,0.083,0.306,0.136,0.099,0.029,0.013,0.0,-1.0,-1.0,0.0,0.0,0
623,1246,20.7667,0.4715,0.0945,"108,124,128",0.0284,0.2819,0.0001,-0.0003,0.453,0.356,0.555,0.0,-1.0,-1.0,0.0,0.0,-1.0,-1.0,0.0,0.0001,-1.0,-1.0,0.0,0.0,0.539,0.867,0.015,0.0015,0.217,0.456,0.359,0.494,0.138,0.383,0.037,0.0001,0.153,0.083,0.307,0.134,0.099,0.029,0.013,0.0001,-1.0,-1.0,0.0,0.0,0
624,1248,20.8,0.4715,0.0948,"108,124,128",0.0285,0.2816,-0.0,-0.0003,0.453,0.356,0.555,0.0,-1.0,-1.0,0.0,0.0,-1.0,-1.0,0.0,0.0,-1.0,-1.0,0.0,0.0,0.547,0.867,0.009,0.0015,0.23,0.476,0.365,0.494,0.138,0.383,0.037,0.0001,0.071,0.029,0.104,0.008,0.099,0.029,0.013,0.0,-1.0,-1.0,0.0,0.0,0
625,1250,20.8333,0.4724,0.0949,"108,124,128",0.0279,0.2825,0.0002,-0.0003,0.453,0.356,0.556,0.0,-1.0,-1.0,0.0,0.0,-1.0,-1.0,0.0,0.0001,-1.0,-1.0,0.0,0.0,0.539,0.861,0.015,0.0016,0.226,0.459,0.368,0.489,0.171,0.389,0.052,0.0001,0.154,0.081,0.309,0.129,0.099,0.029,0.013,0.0,-1.0,-1.0,0.0,0.0,0
626,1252,20.8667,0.4726,0.0952,"108,124,129",0.0243,0.2823,0.0001,-0.0001,0.453,0.356,0.558,0.0,-1.0,-1.0,0.0,0.0,-1.0,-1.0,0.0,0.0001,-1.0,-1.0,0.0,0.0,0.539,0.861,0.015,0.0014,0.203,0.44,0.329,0.439,0.171,0.389,0.052,0.0001,0.154,0.079,0.31,0.126,0.099,0.029,0.013,0.0,-1.0,-1.0,0.0,0.0,0
627,1254,20.9,0.4733,0.0953,"108,124,129",0.0256,0.283,0.0001,-0.0003,0.453,0.356,0.559,0.0,-1.0,-1.0,0.0,0.0,-1.0,-1.0,0.0,0.0001,-1.0,-1.0,0.0,0.0,0.532,0.859,0.012,0.0015,0.209,0.45,0.353,0.483,0.171,0.389,0.051,0.0001,0.155,0.077,0.312,0.121,0.099,0.029,0.013,0.0,-1.0,-1.0,0.0,0.0,0
628,1256,20.9333,0.4735,0.0956,"108,125,129",0.0241,0.2828,0.0,0.0,0.453,0.356,0.558,0.0,-1.0,-1.0,0.0,0.0,-1.0,-1.0,0.0,0.0001,-1.0,-1.0,0.0,0.0,0.539,0.856,0.015,0.0014,0.205,0.445,0.353,0.483,0.136,0.382,0.036,0.0001,0.071,0.029,0.104,0.008,0.099,0.029,0.013,0.0,-1.0,-1.0,0.0,0.0,0
629,1258,20.9667,0.474,0.0957,"108,125,129",0.0246,0.2833,-0.0001,-0.0,0.453,0.356,0.559,0.0,-1.0,-1.0,0.0,0.0,-1.0,-1.0,0.0,0.0001,-1.0,-1.0,0.0,0.0,0.541,0.856,0.016,0.0015,0.208,0.447,0.359,0.483,0.138,0.383,0.038,0.0001,0.156,0.074,0.314,0.114,0.099,0.029,0.013,0.0,-1.0,-1.0,0.0,0.0,0
630,1260,21.0,0.4742,0.0959,"108,125,129",0.0251,0.2833,-0.0,0.0,0.453,0.356,0.559,0.0,-1.0,-1.0,0.0,0.0,-1.0,-1.0,0.0,0.0001,-1.0,-1.0,0.0,0.0,0.541,0.856,0.016,0.0016,0.233,0.479,0.372,0.483,0.139,0.383,0.038,0.0001,0.071,0.029,0.104,0.008,0.099,0.029,0.013,0.0,-1.0,-1.0,0.0,0.0,0
631,1262,21.0333,0.475,0.0961,"109,125,130",0.0234,0.2839,-0.0,0.0001,0.453,0.356,0.559,0.0,-1.0,-1.0,0.0,0.0,-1.0,-1.0,0.0,0.0001,-1.0,-1.0,0.0,0.0,0.545,0.856,0.011,0.0017,0.227,0.475,0.362,0.483,0.138,0.383,0.039,0.0001,0.071,0.029,0.104,0.008,0.099,0.029,0.013,0.0,-1.0,-1.0,0.0,0.0,0
632,1264,21.0667,0.4752,0.0963,"108,125,130",0.0232,0.2839,0.0001,-0.0,0.453,0.356,0.56,0.0,-1.0,-1.0,0.0,0.0,-1.0,-1.0,0.0,0.0,-1.0,-1.0,0.0,0.0,0.542,0.856,0.013,0.0016,0.238,0.486,0.372,0.483,0.209,0.396,0.034,0.0001,0.071,0.029,0.104,0.008,0.099,0.029,0.013,0.0,-1.0,-1.0,0.0,0.0,0
633,1266,21.1,0.4758,0.0964,"109,125,130",0.0198,0.2843,0.0,0.0,0.453,0.356,0.561,0.0,-1.0,-1.0,0.0,0.0,-1.0,-1.0,0.0,0.0001,-1.0,-1.0,0.0,0.0,0.533,0.856,0.011,0.0015,0.212,0.456,0.355,0.478,0.209,0.396,0.034,0.0001,0.071,0.029,0.104,0.008,0.099,0.029,0.013,0.0,-1.0,-1.0,0.0,0.0,0
634,1268,21.1333,0.476,0.0966,"109,125,130",0.0185,0.2843,-0.0,-0.0,0.453,0.356,0.561,0.0,-1.0,-1.0,0.0,0.0,-1.0,-1.0,0.0,0.0001,-1.0,-1.0,0.0,0.0,0.54,0.854,0.016,0.0016,0.221,0.465,0.359,0.478,0.209,0.396,0.035,0.0001,0.165,0.056,0.336,0.071,0.099,0.029,0.013,0.0,-1.0,-1.0,0.0,0.0,0
635,1270,21.1667,0.4767,0.0968,"109,126,131",0.0182,0.2849,0.0,-0.0,0.453,0.356,0.562,0.0,-1.0,-1.0,0.0,0.0,-1.0,-1.0,0.0,0.0001,-1.0,-1.0,0.0,0.0,0.54,0.854,0.016,0.0015,0.218,0.46,0.36,0.478,0.208,0.395,0.034,0.0001,0.071,0.029,0.104,0.008,0.099,0.029,0.013,0.0,-1.0,-1.0,0.0,0.0,0
636,1272,21.2,0.477,0.097,"109,126,131",0.0184,0.2849,0.0,-0.0001,0.453,0.356,0.562,0.0,-1.0,-1.0,0.0,0.0,-1.0,-1.0,0.0,0.0001,-1.0,-1.0,0.0,0.0,0.54,0.854,0.016,0.0015,0.207,0.447,0.355,0.478,0.138,0.383,0.038,0.0001,0.071,0.029,0.104,0.008,0.099,0.029,0.013,0.0,-1.0,-1.0,0.0,0.0,0
637,1274,21.2333,0.4777,0.0971,"109,126,131",0.0222,0.2855,0.0,-0.0001,0.453,0.356,0.563,0.0,-1.0,-1.0,0.0,0.0,-1.0,-1.0,0.0,0.0001,0.538,0.853,0.016,0.006,0.539,0.853,0.017,0.0015,0.218,0.46,0.36,0.478,0.139,0.382,0.039,0.0001,0.071,0.029,0.104,0.008,0.099,0.029,0.013,0.0,-1.0,-1.0,0.0,0.0,0
638,1276,21.2667,0.4778,0.0972,"109,126,131",0.0245,0.2852,-0.0001,0.0001,0.453,0.356,0.563,0.0,-1.0,-1.0,0.0,0.0,-1.0,-1.0,0.0,0.0001,0.538,0.853,0.016,0.006,0.539,0.853,0.017,0.0016,0.217,0.46,0.359,0.478,0.138,0.383,0.038,0.0001,0.169,0.051,0.345,0.059,0.099,0.029,0.013,0.0,-1.0,-1.0,0.0,0.0,0
639,1278,21.3,0.4786,0.0974,"109,126,132",0.0203,0.286,0.0,-0.0002,0.453,0.356,0.564,0.0,-1.0,-1.0,0.0,0.0,-1.0,-1.0,0.0,0.0001,0.54,0.853,0.014,0.006,0.539,0.853,0.017,0.0016,0.217,0.459,0.359,0.478,0.209,0.397,0.035,0.0001,0.17,0.051,0.346,0.057,0.099,0.029,0.013,0.0,-1.0,-1.0,0.0,0.0,0
640,1280,21.3333,0.4786,0.0975,"109,126,132",0.0189,0.2856,0.0,-0.0,0.453,0.356,0.564,0.0,-1.0,-1.0,0.0,0.0,-1.0,-1.0,0.0,0.0001,-1.0,-1.0,0.0,0.0,0.539,0.852,0.017,0.0015,0.216,0.457,0.362,0.478,0.138,0.382,0.038,0.0001,0.17,0.05,0.348,0.056,0.099,0.029,0.013,0.0,-1.0,-1.0,0.0,0.0,0
641,1282,21.3667,0.4795,0.0978,"109,126,132",0.0254,0.2865,-0.0001,-0.0001,0.453,0.356,0.566,0.0,-1.0,-1.0,0.0,0.0,-1.0,-1.0,0.0,0.0001,-1.0,-1.0,0.0,0.0,0.539,0.852,0.017,0.0016,0.219,0.463,0.359,0.478,0.139,0.382,0.039,0.0001,0.071,0.029,0.104,0.008,0.099,0.029,0.013,0.0,-1.0,-1.0,0.0,0.0,0
642,1284,21.4,0.4852,0.1026,"109,128,134",0.1041,0.2922,-0.0,0.0,0.453,0.356,0.579,0.0,-1.0,-1.0,0.0,0.0,-1.0,-1.0,0.0,0.0001,-1.0,-1.0,0.0,0.0,0.54,0.851,0.016,0.0016,0.212,0.449,0.359,0.478,0.139,0.382,0.038,0.0001,0.193,0.053,0.417,0.072,0.099,0.029,0.013,0.0,-1.0,-1.0,0.0,0.0,0
643,1286,21.4333,0.4857,0.1026,"109,128,134",0.0274,0.2899,0.0,0.0001,0.453,0.356,0.579,0.0,-1.0,-1.0,0.0,0.0,-1.0,-1.0,0.0,0.0001,0.538,0.853,0.016,0.006,0.539,0.853,0.018,0.0016,0.21,0.448,0.359,0.478,0.139,0.382,0.039,0.0001,0.071,0.029,0.104,0.008,0.099,0.029,0.013,0.0,-1.0,-1.0,0.0,0.0,0
644,1288,21.4667,0.4883,0.1031,"110,129,136",0.0517,0.2923,-0.0,0.0,0.453,0.356,0.58,0.0,-1.0,-1.0,0.0,0.0,-1.0,-1.0,0.0,0.0001,-1.0,-1.0,0.0,0.0,0.539,0.852,0.017,0.0016,0.22,0.451,0.362,0.478,0.139,0.382,0.039,0.0001,0.169,0.06,0.345,0.079,0.099,0.029,0.013,0.0,-1.0,-1.0,0.0,0.0,0
645,1290,21.5,0.4888,0.1031,"110,129,136",0.018,0.2919,0.0,0.0001,0.453,0.356,0.58,0.0,-1.0,-1.0,0.0,0.0,-1.0,-1.0,0.0,0.0001,0.538,0.853,0.016,0.006,0.539,0.853,0.018,0.0015,0.219,0.453,0.362,0.478,0.139,0.382,0.038,0.0001,0.166,0.066,0.339,0.094,0.099,0.029,0.013,0.0,-1.0,-1.0,0.0,0.0,0
646,1292,21.5333,0.4905,0.1036,"110,130,137",0.0212,0.2934,0.0,0.0,0.453,0.356,0.58,0.0,-1.0,-1.0,0.0,0.0,-1.0,-1.0,0.0,0.0001,0.538,0.853,0.016,0.006,0.539,0.853,0.017,0.0015,0.215,0.447,0.36,0.478,0.208,0.395,0.034,0.0001,0.163,0.072,0.331,0.107,0.099,0.029,0.013,0.0,-1.0,-1.0,0.0,0.0,0
647,1294,21.5667,0.4911,0.1036,"110,130,137",0.0158,0.293,0.0,0.0002,0.453,0.356,0.58,0.0,-1.0,-1.0,0.0,0.0,-1.0,-1.0,0.0,0.0001,0.538,0.853,0.016,0.006,0.539,0.853,0.017,0.0016,0.211,0.442,0.359,0.478,0.139,0.381,0.038,0.0001,0.162,0.073,0.329,0.111,0.099,0.029,0.013,0.0,-1.0,-1.0,0.0,0.0,0
648,1296,21.6,0.4911,0.1037,"110,130,137",0.018,0.2928,0.0,0.0,0.453,0.356,0.58,0.0,-1.0,-1.0,0.0,0.0,-1.0,-1.0,0.0,0.0001,0.538,0.853,0.016,0.006,0.539,0.853,0.017,0.0016,0.212,0.445,0.359,0.478,0.139,0.381,0.038,0.0001,0.071,0.029,0.104,0.008,0.099,0.029,0.013,0.0,-1.0,-1.0,0.0,0.0,0
649,1298,21.6333,0.4918,0.1036,"110,130,137",0.0229,0.2935,-0.0,0.0001,0.453,0.356,0.58,0.0,-1.0,-1.0,0.0,0.0,-1.0,-1.0,0.0,0.0001,0.538,0.853,0.016,0.006,0.539,0.853,0.017,0.0017,0.215,0.443,0.359,0.478,0.209,0.396,0.035,0.0001,0.162,0.074,0.329,0.112,0.099,0.029,0.013,0.0,-1.0,-1.0,0.0,0.0,0
650,1300,21.6667,0.4916,0.1038,"110,130,137",0.0191,0.2931,0.0,0.0,0.453,0.356,0.58,0.0,-1.0,-1.0,0.0,0.0,-1.0,-1.0,0.0,0.0001,0.538,0.853,0.016,0.006,0.539,0.853,0.018,0.0016,0.211,0.444,0.361,0.478,0.137,0.381,0.037,0.0001,0.162,0.074,0.329,0.112,0.099,0.029,0.013,0.0,-1.0,-1.0,0.0,0.0,0
651,1302,21.7,0.4922,0.1043,"110,130,137",0.0338,0.2945,-0.0027,-0.0001,0.45,0.356,0.587,0.0,-1.0,-1.0,0.0,0.0,-1.0,-1.0,0.0,0.0001,0.538,0.853,0.016,0.006,0.539,0.853,0.018,0.0016,0.208,0.44,0.368,0.442,0.202,0.395,0.034,0.0001,0.162,0.074,0.329,0.112,0.099,0.029,0.013,0.0,-1.0,-1.0,0.0,0.0,0
652,1304,21.7333,0.4921,0.1048,"110,130,137",0.0265,0.295,-0.0053,0.0,0.444,0.356,0.595,0.0,-1.0,-1.0,0.0,0.0,-1.0,-1.0,0.0,0.0001,0.538,0.853,0.016,0.006,0.539,0.853,0.017,0.0018,0.195,0.437,0.383,0.341,0.179,0.393,0.041,0.0001,0.162,0.074,0.329,0.112,0.099,0.029,0.013,0.0,-1.0,-1.0,0.0,0.0,0
653,1306,21.7667,0.4928,0.1049,"110,130,138",0.044,0.2971,-0.0198,0.0003,0.428,0.35,0.575,0.0,-1.0,-1.0,0.0,0.0,-1.0,-1.0,0.0,0.0001,-1.0,-1.0,0.0,0.0,0.539,0.852,0.017,0.002,0.167,0.431,0.417,0.276,0.165,0.392,0.039,0.0001,0.162,0.074,0.329,0.112,0.099,0.029,0.013,0.0,-1.0,-1.0,0.0,0.0,0
654,1308,21.8,0.4941,0.1046,"111,131,137",0.0609,0.3001,-0.0007,-0.0018,0.394,0.339,0.553,0.0,-1.0,-1.0,0.0,0.0,-1.0,-1.0,0.0,0.0001,0.539,0.854,0.014,0.006,0.54,0.853,0.017,0.0023,0.125,0.416,0.472,0.369,0.106,0.371,0.042,0.0001,0.162,0.074,0.329,0.112,0.099,0.029,0.013,0.0,-1.0,-1.0,0.0,0.0,0
655,1310,21.8333,0.4844,0.1077,"109,128,134",0.1118,0.2925,0.0005,-0.0005,0.55,0.422,0.554,0.0,-1.0,-1.0,0.0,0.0,-1.0,-1.0,0.0,0.0001,0.541,0.853,0.014,0.006,0.539,0.853,0.017,0.001,0.175,0.492,0.519,0.536,0.011,0.334,0.028,0.0001,0.162,0.074,0.329,0.112,0.099,0.029,0.013,0.0,-1.0,-1.0,0.0,0.0,0
656,1312,21.8667,0.4787,0.112,"108,127,131",0.0964,0.2914,0.0002,-0.0012,0.487,0.394,0.552,0.0,-1.0,-1.0,0.0,0.0,-1.0,-1.0,0.0,0.0001,0.538,0.853,0.016,0.006,0.539,0.853,0.017,0.0003,0.503,0.816,0.069,0.042,0.478,0.853,0.019,0.0001,0.162,0.074,0.329,0.112,0.099,0.029,0.013,0.0,-1.0,-1.0,0.0,0.0,0
657,1314,21.9,0.4694,0.1122,"107,124,127",0.0995,0.2869,0.0002,-0.0042,0.528,0.361,0.532,0.0,-1.0,-1.0,0.0,0.0,0.038,0.003,0.008,0.0001,-1.0,-1.0,0.0,0.0,0.54,0.851,0.016,0.0003,0.492,0.829,0.056,0.006,0.478,0.853,0.019,0.0001,0.183,0.08,0.391,0.148,0.099,0.029,0.013,0.0,-1.0,-1.0,0.0,0.0,0
658,1316,21.9333,0.4569,0.107,"105,120,122",0.097,0.2789,-0.0005,-0.0024,0.472,0.339,0.51,0.0,-1.0,-1.0,0.0,0.0,-1.0,-1.0,0.0,0.0001,-1.0,-1.0,0.0,0.0,0.541,0.853,0.016,0.0003,0.596,0.737,0.413,0.44,0.477,0.852,0.018,0.0001,0.162,0.074,0.329,0.112,0.099,0.029,0.013,0.0,-1.0,-1.0,0.0,0.0,0
659,1318,21.9667,0.4549,0.0974,"106,120,121",0.1194,0.2801,-0.0009,-0.0023,0.556,0.572,0.48,0.0,-1.0,-1.0,0.0,0.0,-1.0,-1.0,0.0,0.0001,-1.0,-1.0,0.0,0.0,0.54,0.851,0.016,0.0003,0.536,0.774,0.279,0.472,0.478,0.853,0.019,0.0001,0.162,0.074,0.329,0.112,0.099,0.029,0.013,0.0,-1.0,-1.0,0.0,0.0,0
660,1320,22.0,0.4606,0.0964,"108,121,121",0.0743,0.2858,-0.0007,-0.0011,0.55,0.567,0.476,0.0,-1.0,-1.0,0.0,0.0,-1.0,-1.0,0.0,0.0001,-1.0,-1.0,0.0,0.0,0.547,0.853,0.011,0.0003,0.506,0.823,0.066,0.006,0.478,0.853,0.019,0.0001,0.162,0.074,0.329,0.112,0.099,0.029,0.013,0.0,-1.0,-1.0,0.0,0.0,0
661,1322,22.0333,0.4592,0.094,"109,120,120",0.0746,0.2842,-0.0,-0.0012,0.55,0.567,0.472,0.0,-1.0,-1.0,0.0,0.0,-1.0,-1.0,0.0,0.0001,-1.0,-1.0,0.0,0.0,0.539,0.852,0.017,0.0003,0.494,0.853,0.056,0.006,0.478,0.853,0.019,0.0001,0.162,0.074,0.329,0.112,0.099,0.029,0.013,0.0,-1.0,-1.0,0.0,0.0,0
662,1324,22.0667,0.4596,0.0936,"109,120,119",0.0361,0.2827,-0.0011,-0.0023,0.547,0.561,0.473,0.0,-1.0,-1.0,0.0,0.0,-1.0,-1.0,0.0,0.0001,-1.0,-1.0,0.0,0.0,0.539,0.852,0.017,0.0002,0.49,0.853,0.052,0.006,0.477,0.852,0.018,0.0001,0.162,0.074,0.329,0.112,0.099,0.029,0.013,0.0,-1.0,-1.0,0.0,0.0,0
663,1326,22.1,0.4603,0.0926,"109,120,120",0.0535,0.2846,-0.0013,-0.0013,0.547,0.561,0.475,0.0,-1.0,-1.0,0.0,0.0,0.059,0.361,0.009,0.0001,-1.0,-1.0,0.0,0.0,0.539,0.852,0.017,0.0002,0.503,0.809,0.064,0.006,0.48,0.852,0.017,0.0001,0.162,0.074,0.329,0.112,0.099,0.029,0.013,0.0,-1.0,-1.0,0.0,0.0,0
664,1328,22.1333,0.4586,0.0922,"109,120,120",0.0563,0.2823,-0.0005,-0.0017,0.544,0.561,0.476,0.0,-1.0,-1.0,0.0,0.0,0.005,0.367,0.011,0.0001,-1.0,-1.0,0.0,0.0,0.539,0.852,0.017,0.0002,0.497,0.799,0.058,0.059,0.477,0.853,0.015,0.0001,0.162,0.074,0.329,0.112,0.099,0.029,0.013,0.0,-1.0,-1.0,0.0,0.0,0
665,1330,22.1667,0.4567,0.091,"108,119,120",0.0532,0.2812,-0.0009,-0.0011,0.544,0.556,0.475,0.0,-1.0,-1.0,0.0,0.0,-1.0,-1.0,0.0,0.0001,-1.0,-1.0,0.0,0.0,0.531,0.853,0.011,0.0002,0.491,0.798,0.044,0.059,0.477,0.853,0.015,0.0001,0.162,0.074,0.329,0.112,0.099,0.029,0.013,0.0,-1.0,-1.0,0.0,0.0,0
666,1332,22.2,0.4546,0.0913,"108,119,119",0.0494,0.2788,-0.001,-0.0005,0.55,0.428,0.478,0.0,-1.0,-1.0,0.0,0.0,-1.0,-1.0,0.0,0.0001,0.538,0.853,0.016,0.006,0.539,0.853,0.017,0.0002,0.5,0.852,0.05,0.006,0.518,0.852,0.019,0.0001,0.162,0.074,0.329,0.112,0.099,0.029,0.013,0.0,-1.0,-1.0,0.0,0.0,0
667,1334,22.2333,0.4453,0.0914,"105,116,117",0.0786,0.2717,0.0001,-0.0016,0.484,0.406,0.48,0.0,-1.0,-1.0,0.0,0.0,-1.0,-1.0,0.0,0.0001,0.538,0.853,0.016,0.006,0.539,0.853,0.018,0.0002,0.493,0.852,0.038,0.006,0.485,0.852,0.017,0.0001,0.162,0.074,0.329,0.112,0.099,0.029,0.013,0.0,-1.0,-1.0,0.0,0.0,0
668,1336,22.2667,0.4438,0.091,"105,116,117",0.0503,0.2695,-0.0008,-0.0012,0.463,0.417,0.483,0.0,-1.0,-1.0,0.0,0.0,-1.0,-1.0,0.0,0.0001,0.538,0.853,0.016,0.006,0.539,0.853,0.018,0.0002,0.479,0.792,0.057,0.114,0.483,0.853,0.015,0.0001,0.162,0.074,0.329,0.112,0.099,0.029,0.013,0.0,-1.0,-1.0,0.0,0.0,0
669,1338,22.3,0.4443,0.0916,"105,116,118",0.0732,0.2702,0.0,-0.0006,0.45,0.433,0.48,0.0,-1.0,-1.0,0.0,0.0,-1.0,-1.0,0.0,0.0001,-1.0,-1.0,0.0,0.0,0.54,0.851,0.016,0.0003,0.501,0.82,0.064,0.006,0.526,0.853,0.023,0.0001,0.162,0.074,0.329,0.112,0.099,0.029,0.013,0.0,-1.0,-1.0,0.0,0.0,0
670,1340,22.3333,0.441,0.0942,"103,115,118",0.0732,0.2653,-0.0001,-0.0014,0.431,0.433,0.493,0.0,-1.0,-1.0,0.0,0.0,-1.0,-1.0,0.0,0.0001,-1.0,-1.0,0.0,0.0,0.539,0.852,0.017,0.0003,0.486,0.801,0.087,0.057,0.53,0.853,0.021,0.0001,0.162,0.074,0.329,0.112,0.099,0.029,0.013,0.0,-1.0,-1.0,0.0,0.0,0
671,1342,22.3667,0.4457,0.0926,"104,116,119",0.0834,0.2685,-0.0,-0.0007,0.409,0.444,0.482,0.0,-1.0,-1.0,0.0,0.0,-1.0,-1.0,0.0,0.0001,0.539,0.853,0.016,0.006,0.539,0.853,0.018,0.0002,0.432,0.726,0.326,0.506,0.513,0.852,0.015,0.0001,0.162,0.074,0.329,0.112,0.099,0.029,0.013,0.0,-1.0,-1.0,0.0,0.0,0
672,1344,22.4,0.4435,0.0913,"103,116,118",0.0641,0.2646,0.0002,0.0006,0.394,0.456,0.472,0.0,-1.0,-1.0,0.0,0.0,-1.0,-1.0,0.0,0.0001,-1.0,-1.0,0.0,0.0,0.539,0.853,0.017,0.0002,0.449,0.776,0.312,0.397,0.519,0.852,0.019,0.0001,0.162,0.074,0.329,0.112,0.099,0.029,0.013,0.0,-1.0,-1.0,0.0,0.0,0
673,1346,22.4333,0.4481,0.0832,"104,118,121",0.0847,0.269,-0.0005,-0.0003,0.431,0.472,0.467,0.0,-1.0,-1.0,0.0,0.0,-1.0,-1.0,0.0,0.0001,0.541,0.852,0.012,0.006,0.54,0.852,0.017,0.0004,0.324,0.675,0.5,0.472,0.521,0.853,0.02,0.0001,0.162,0.074,0.329,0.112,0.099,0.029,0.013,0.0,-1.0,-1.0,0.0,0.0,0
674,1348,22.4667,0.4488,0.0825,"104,118,121",0.0404,0.2675,-0.0,0.0015,0.453,0.544,0.466,0.0,-1.0,-1.0,0.0,0.0,0.116,0.344,0.009,0.0001,-1.0,-1.0,0.0,0.0,0.54,0.851,0.016,0.0002,0.506,0.854,0.058,0.006,0.487,0.854,0.018,0.0001,0.162,0.074,0.329,0.112,0.099,0.029,0.013,0.0,-1.0,-1.0,0.0,0.0,0
675,1350,22.5,0.4541,0.0806,"104,119,123",0.0725,0.2733,0.0006,0.0018,0.45,0.544,0.475,0.0001,-1.0,-1.0,0.0,0.0,0.005,0.367,0.011,0.0001,-1.0,-1.0,0.0,0.0,0.539,0.852,0.017,0.0002,0.495,0.852,0.042,0.006,0.483,0.853,0.015,0.0001,0.162,0.074,0.329,0.112,0.099,0.029,0.013,0.0,-1.0,-1.0,0.0,0.0,0
676,1352,22.5333,0.4608,0.0866,"105,121,125",0.0984,0.2797,-0.0004,0.0026,0.559,0.472,0.482,0.0,-1.0,-1.0,0.0,0.0,0.869,0.289,0.009,0.0001,-1.0,-1.0,0.0,0.0,0.539,0.852,0.017,0.0002,0.497,0.853,0.043,0.006,0.487,0.854,0.018,0.0001,0.162,0.074,0.329,0.112,0.099,0.029,0.013,0.0,-1.0,-1.0,0.0,0.0,0
677,1354,22.5667,0.4661,0.0923,"106,123,127",0.0705,0.2843,-0.0001,0.0009,0.5,0.267,0.499,0.0,-1.0,-1.0,0.0,0.0,0.803,0.289,0.009,0.0001,-1.0,-1.0,0.0,0.0,0.541,0.853,0.016,0.0002,0.499,0.853,0.05,0.006,0.487,0.854,0.018,0.0001,0.162,0.074,0.329,0.112,0.099,0.029,0.013,0.0,-1.0,-1.0,0.0,0.0,0
678,1356,22.6,0.4672,0.0944,"106,123,127",0.0449,0.2821,0.0002,0.0009,0.475,0.267,0.499,0.0,-1.0,-1.0,0.0,0.0,0.738,0.283,0.009,0.0001,-1.0,-1.0,0.0,0.0,0.547,0.853,0.011,0.0002,0.494,0.853,0.053,0.006,0.483,0.853,0.02,0.0001,0.162,0.074,0.329,0.112,0.099,0.029,0.013,0.0,-1.0,-1.0,0.0,0.0,0
679,1358,22.6333,0.47,0.0961,"107,124,128",0.0435,0.2837,0.0,0.0009,0.456,0.267,0.495,0.0001,-1.0,-1.0,0.0,0.0,0.791,0.311,0.009,0.0001,-1.0,-1.0,0.0,0.0,0.539,0.852,0.017,0.0002,0.496,0.853,0.049,0.006,0.484,0.853,0.02,0.0001,0.162,0.074,0.329,0.112,0.099,0.029,0.013,0.0,-1.0,-1.0,0.0,0.0,0
680,1360,22.6667,0.4719,0.0973,"107,125,128",0.0444,0.2848,0.0,0.0002,0.619,0.45,0.494,0.0001,-1.0,-1.0,0.0,0.0,0.666,0.003,0.01,0.0001,-1.0,-1.0,0.0,0.0,0.541,0.853,0.016,0.0002,0.497,0.852,0.055,0.006,0.514,0.852,0.021,0.0001,0.162,0.074,0.329,0.112,0.099,0.029,0.013,0.0,-1.0,-1.0,0.0,0.0,0
681,1362,22.7,0.4788,0.0987,"109,126,129",0.0458,0.2909,-0.001,0.0004,0.606,0.439,0.505,0.0001,-1.0,-1.0,0.0,0.0,0.656,0.297,0.011,0.0001,-1.0,-1.0,0.0,0.0,0.533,0.853,0.012,0.0002,0.5,0.853,0.05,0.006,0.519,0.852,0.019,0.0001,0.162,0.074,0.329,0.112,0.099,0.029,0.013,0.0,-1.0,-1.0,0.0,0.0,0
682,1364,22.7333,0.4835,0.0985,"110,128,130",0.0405,0.293,0.0,0.0011,0.594,0.433,0.51,0.0,-1.0,-1.0,0.0,0.0,-1.0,-1.0,0.0,0.0001,-1.0,-1.0,0.0,0.0,0.539,0.852,0.017,0.0003,0.494,0.853,0.058,0.006,0.478,0.853,0.019,0.0001,0.162,0.074,0.329,0.112,0.099,0.029,0.013,0.0,-1.0,-1.0,0.0,0.0,0
683,1366,22.7667,0.4888,0.0993,"111,129,131",0.0509,0.2974,-0.0001,0.0011,0.572,0.428,0.518,0.0,-1.0,-1.0,0.0,0.0,0.594,0.289,0.009,0.0001,-1.0,-1.0,0.0,0.0,0.539,0.852,0.017,0.0003,0.494,0.853,0.06,0.006,0.478,0.853,0.019,0.0001,0.162,0.074,0.329,0.112,0.099,0.029,0.013,0.0,-1.0,-1.0,0.0,0.0,0
684,1368,22.8,0.4925,0.0993,"112,130,132",0.042,0.2988,-0.0002,0.0016,0.559,0.422,0.521,0.0,-1.0,-1.0,0.0,0.0,0.572,0.286,0.011,0.0001,-1.0,-1.0,0.0,0.0,0.541,0.851,0.017,0.0002,0.496,0.853,0.05,0.006,0.48,0.852,0.017,0.0001,0.162,0.074,0.329,0.112,0.099,0.029,0.013,0.0,-1.0,-1.0,0.0,0.0,0
685,1370,22.8333,0.4935,0.0991,"112,131,132",0.0362,0.2982,-0.0016,-0.001,0.553,0.422,0.523,0.0,-1.0,-1.0,0.0,0.0,0.534,0.289,0.009,0.0001,-1.0,-1.0,0.0,0.0,0.54,0.851,0.016,0.0002,0.499,0.854,0.057,0.006,0.48,0.853,0.018,0.0001,0.162,0.074,0.329,0.112,0.099,0.029,0.013,0.0,-1.0,-1.0,0.0,0.0,0
686,1372,22.8667,0.493,0.099,"112,131,132",0.0445,0.2979,-0.0021,-0.0012,0.547,0.428,0.525,0.0,-1.0,-1.0,0.0,0.0,-1.0,-1.0,0.0,0.0001,-1.0,-1.0,0.0,0.0,0.539,0.852,0.017,0.0002,0.5,0.853,0.053,0.006,0.48,0.852,0.017,0.0001,0.162,0.074,0.329,0.112,0.099,0.029,0.013,0.0,-1.0,-1.0,0.0,0.0,0
687,1374,22.9,0.4936,0.0989,"112,131,132",0.0383,0.2968,-0.0024,-0.001,0.547,0.428,0.527,0.0,-1.0,-1.0,0.0,0.0,-1.0,-1.0,0.0,0.0001,-1.0,-1.0,0.0,0.0,0.539,0.852,0.017,0.0002,0.488,0.853,0.049,0.006,0.478,0.853,0.019,0.0001,0.162,0.074,0.329,0.112,0.099,0.029,0.013,0.0,-1.0,-1.0,0.0,0.0,0
688,1376,22.9333,0.4935,0.0988,"112,131,132",0.0329,0.2963,-0.0006,-0.0015,0.544,0.428,0.528,0.0,-1.0,-1.0,0.0,0.0,0.522,0.283,0.009,0.0001,-1.0,-1.0,0.0,0.0,0.54,0.851,0.016,0.0002,0.498,0.853,0.049,0.006,0.48,0.852,0.017,0.0001,0.162,0.074,0.329,0.112,0.099,0.029,0.013,0.0,-1.0,-1.0,0.0,0.0,0
689,1378,22.9667,0.4949,0.0988,"112,131,133",0.0317,0.2972,-0.0022,-0.0006,0.541,0.428,0.529,0.0,-1.0,-1.0,0.0,0.0,0.725,0.3,0.009,0.0001,-1.0,-1.0,0.0,0.0,0.539,0.852,0.017,0.0002,0.492,0.853,0.046,0.006,0.48,0.853,0.018,0.0001,0.162,0.074,0.329,0.112,0.099,0.029,0.013,0.0,-1.0,-1.0,0.0,0.0,0
690,1380,23.0,0.495,0.0988,"112,131,133",0.03,0.2965,-0.0007,-0.0001,0.541,0.433,0.53,0.0001,0.984,0.537,0.009,0.006,0.984,0.537,0.016,0.0001,-1.0,-1.0,0.0,0.0,0.539,0.852,0.017,0.0002,0.499,0.853,0.057,0.006,0.519,0.853,0.019,0.0001,0.162,0.074,0.329,0.112,0.099,0.029,0.013,0.0,-1.0,-1.0,0.0,0.0,0
691,1382,23.0333,0.4973,0.0996,"113,132,134",0.0391,0.2993,-0.002,0.0006,0.534,0.433,0.531,0.0002,0.825,0.411,0.47,0.268,0.977,0.533,0.015,0.0001,-1.0,-1.0,0.0,0.0,0.533,0.853,0.012,0.0002,0.499,0.853,0.05,0.006,0.523,0.854,0.016,0.0001,0.071,0.029,0.104,0.008,0.099,0.029,0.013,0.0,-1.0,-1.0,0.0,0.0,0
692,1384,23.0667,0.4971,0.0995,"113,132,134",0.0246,0.2978,-0.0,-0.0002,0.537,0.433,0.531,0.0001,0.893,0.462,0.273,0.231,0.983,0.539,0.013,0.0001,-1.0,-1.0,0.0,0.0,0.533,0.853,0.012,0.0002,0.491,0.853,0.048,0.006,0.479,0.852,0.017,0.0001,0.071,0.029,0.104,0.008,0.099,0.029,0.013,0.0,-1.0,-1.0,0.0,0.0,0
693,1386,23.1,0.4976,0.0994,"113,132,134",0.0236,0.2983,-0.0,-0.0002,0.537,0.433,0.532,0.0,-1.0,-1.0,0.0,0.0,0.712,0.306,0.009,0.0001,-1.0,-1.0,0.0,0.0,0.533,0.853,0.012,0.0002,0.493,0.852,0.044,0.006,0.48,0.852,0.017,0.0001,0.071,0.029,0.104,0.008,0.099,0.029,0.013,0.0,-1.0,-1.0,0.0,0.0,0
694,1388,23.1333,0.4973,0.0995,"113,132,134",0.0272,0.2978,-0.0,-0.0002,0.537,0.433,0.531,0.0,-1.0,-1.0,0.0,0.0,-1.0,-1.0,0.0,0.0001,-1.0,-1.0,0.0,0.0,0.533,0.853,0.012,0.0002,0.491,0.853,0.048,0.006,0.479,0.852,0.017,0.0001,0.081,0.03,0.106,0.008,0.099,0.029,0.013,0.0,-1.0,-1.0,0.0,0.0,0
695,1390,23.1667,0.4978,0.0995,"113,132,134",0.0248,0.2984,0.0,0.0,0.537,0.433,0.531,0.0001,-1.0,-1.0,0.0,0.0,0.989,0.539,0.013,0.0001,-1.0,-1.0,0.0,0.0,0.539,0.852,0.017,0.0002,0.507,0.853,0.056,0.006,0.523,0.854,0.016,0.0001,0.071,0.029,0.104,0.008,0.099,0.029,0.013,0.0,-1.0,-1.0,0.0,0.0,0
696,1392,23.2,0.4975,0.0995,"112,132,134",0.0413,0.2979,-0.0,-0.0001,0.537,0.433,0.531,0.0001,-1.0,-1.0,0.0,0.0,0.991,0.533,0.012,0.0001,-1.0,-1.0,0.0,0.0,0.547,0.853,0.011,0.0002,0.499,0.853,0.045,0.006,0.521,0.854,0.015,0.0001,0.058,0.03,0.084,0.008,0.099,0.029,0.013,0.0,-1.0,-1.0,0.0,0.0,0
697,1394,23.2333,0.4979,0.0994,"113,132,134",0.0258,0.2983,-0.0,-0.0,0.537,0.433,0.531,0.0,-1.0,-1.0,0.0,0.0,0.994,0.533,0.009,0.0001,-1.0,-1.0,0.0,0.0,0.541,0.853,0.016,0.0002,0.503,0.854,0.053,0.006,0.523,0.854,0.016,0.0001,0.163,0.073,0.33,0.111,0.099,0.029,0.013,0.0,-1.0,-1.0,0.0,0.0,0
698,1396,23.2667,0.4976,0.0994,"112,132,134",0.0279,0.2979,-0.0001,-0.0001,0.537,0.433,0.532,0.0,-1.0,-1.0,0.0,0.0,0.994,0.533,0.009,0.0001,-1.0,-1.0,0.0,0.0,0.539,0.853,0.017,0.0002,0.499,0.854,0.049,0.006,0.482,0.853,0.016,0.0001,0.163,0.073,0.331,0.111,0.099,0.029,0.013,0.0,-1.0,-1.0,0.0,0.0,0
699,1398,23.3,0.4981,0.0993,"113,132,134",0.0232,0.2984,-0.0001,-0.0001,0.537,0.433,0.532,0.0001,-1.0,-1.0,0.0,0.0,0.991,0.547,0.013,0.0001,-1.0,-1.0,0.0,0.0,0.533,0.853,0.012,0.0002,0.502,0.854,0.053,0.006,0.482,0.853,0.016,0.0001,0.071,0.029,0.104,0.008,0.099,0.029,0.013,0.0,-1.0,-1.0,0.0,0.0,0
700,1400,23.3333,0.4978,0.0994,"112,132,134",0.0244,0.2979,-0.0001,-0.0,0.537,0.433,0.531,0.0001,-1.0,-1.0,0.0,0.0,0.992,0.542,0.013,0.0001,-1.0,-1.0,0.0,0.0,0.533,0.853,0.012,0.0003,0.493,0.854,0.059,0.006,0.477,0.853,0.019,0.0001,0.071,0.029,0.104,0.008,0.099,0.029,0.013,0.0,-1.0,-1.0,0.0,0.0,0
701,1402,23.3667,0.4982,0.0993,"113,132,134",0.0227,0.2984,-0.0,-0.0001,0.537,0.433,0.531,0.0001,-1.0,-1.0,0.0,0.0,0.992,0.542,0.012,0.0001,-1.0,-1.0,0.0,0.0,0.539,0.852,0.017,0.0003,0.493,0.854,0.059,0.006,0.477,0.853,0.019,0.0001,0.058,0.03,0.084,0.008,0.099,0.029,0.013,0.0,-1.0,-1.0,0.0,0.0,0
702,1404,23.4,0.498,0.0993,"112,132,134",0.0274,0.2981,-0.0,-0.0001,0.537,0.433,0.532,0.0,-1.0,-1.0,0.0,0.0,0.712,0.311,0.009,0.0001,0.54,0.853,0.014,0.006,0.539,0.853,0.017,0.0002,0.486,0.853,0.049,0.006,0.477,0.853,0.019,0.0001,0.17,0.067,0.347,0.096,0.099,0.029,0.013,0.0,-1.0,-1.0,0.0,0.0,0
703,1406,23.4333,0.4983,0.0993,"112,132,134",0.0209,0.2984,-0.0001,-0.0001,0.534,0.433,0.532,0.0,-1.0,-1.0,0.0,0.0,0.931,0.3,0.009,0.0001,0.538,0.853,0.016,0.006,0.539,0.853,0.017,0.0003,0.49,0.854,0.054,0.006,0.477,0.853,0.019,0.0001,0.071,0.029,0.104,0.008,0.099,0.029,0.013,0.0,-1.0,-1.0,0.0,0.0,0
704,1408,23.4667,0.4982,0.0993,"112,132,134",0.0213,0.2981,-0.0001,-0.0001,0.537,0.433,0.531,0.0,-1.0,-1.0,0.0,0.0,-1.0,-1.0,0.0,0.0001,-1.0,-1.0,0.0,0.0,0.531,0.853,0.011,0.0003,0.493,0.854,0.061,0.006,0.477,0.853,0.019,0.0001,0.173,0.062,0.355,0.086,0.099,0.029,0.013,0.0,-1.0,-1.0,0.0,0.0,0
705,1410,23.5,0.4984,0.0993,"112,132,134",0.0195,0.2985,-0.0001,-0.0001,0.534,0.433,0.531,0.0,-1.0,-1.0,0.0,0.0,0.995,0.544,0.008,0.0001,-1.0,-1.0,0.0,0.0,0.539,0.852,0.017,0.0003,0.489,0.854,0.054,0.006,0.477,0.853,0.019,0.0001,0.058,0.03,0.084,0.008,0.099,0.029,0.013,0.0,-1.0,-1.0,0.0,0.0,0
706,1412,23.5333,0.4984,0.0993,"112,132,134",0.0175,0.2982,-0.0,-0.0001,0.537,0.433,0.531,0.0,-1.0,-1.0,0.0,0.0,0.995,0.542,0.009,0.0001,-1.0,-1.0,0.0,0.0,0.539,0.852,0.017,0.0003,0.489,0.854,0.054,0.006,0.477,0.853,0.019,0.0001,0.071,0.029,0.104,0.008,0.099,0.029,0.013,0.0,-1.0,-1.0,0.0,0.0,0
707,1414,23.5667,0.4986,0.0994,"113,132,134",0.0221,0.2985,-0.0,0.0,0.534,0.433,0.532,0.0,-1.0,-1.0,0.0,0.0,0.712,0.311,0.009,0.0001,-1.0,-1.0,0.0,0.0,0.547,0.853,0.011,0.0003,0.494,0.854,0.06,0.006,0.477,0.853,0.019,0.0001,0.181,0.06,0.411,0.092,0.099,0.029,0.013,0.0,-1.0,-1.0,0.0,0.0,0
708,1416,23.6,0.4984,0.0994,"112,132,134",0.0218,0.2982,-0.0001,-0.0001,0.537,0.433,0.532,0.0,-1.0,-1.0,0.0,0.0,0.712,0.306,0.009,0.0001,-1.0,-1.0,0.0,0.0,0.539,0.852,0.017,0.0002,0.491,0.853,0.057,0.006,0.476,0.853,0.019,0.0001,0.058,0.03,0.084,0.008,0.099,0.029,0.013,0.0,-1.0,-1.0,0.0,0.0,0
709,1418,23.6333,0.4986,0.0994,"112,132,134",0.0234,0.2984,-0.0001,-0.0001,0.537,0.433,0.532,0.0,-1.0,-1.0,0.0,0.0,-1.0,-1.0,0.0,0.0001,0.538,0.853,0.016,0.006,0.539,0.853,0.017,0.0002,0.487,0.853,0.049,0.006,0.477,0.853,0.019,0.0001,0.183,0.057,0.416,0.083,0.099,0.029,0.013,0.0,-1.0,-1.0,0.0,0.0,0
710,1420,23.6667,0.4985,0.0994,"112,132,134",0.0212,0.2982,-0.0,-0.0,0.537,0.439,0.532,0.0,-1.0,-1.0,0.0,0.0,-1.0,-1.0,0.0,0.0001,-1.0,-1.0,0.0,0.0,0.539,0.852,0.017,0.0003,0.49,0.854,0.054,0.006,0.477,0.853,0.019,0.0001,0.183,0.057,0.417,0.083,0.099,0.029,0.013,0.0,-1.0,-1.0,0.0,0.0,0
711,1422,23.7,0.4988,0.0995,"112,133,134",0.0224,0.2986,-0.0,0.0,0.537,0.433,0.533,0.0,-1.0,-1.0,0.0,0.0,0.712,0.311,0.009,0.0,-1.0,-1.0,0.0,0.0,0.547,0.853,0.011,0.0003,0.49,0.853,0.061,0.006,0.477,0.853,0.02,0.0001,0.179,0.053,0.369,0.062,0.099,0.029,0.013,0.0,-1.0,-1.0,0.0,0.0,0
712,1424,23.7333,0.4986,0.0995,"112,133,134",0.0229,0.2982,-0.0001,-0.0001,0.537,0.433,0.533,0.0,-1.0,-1.0,0.0,0.0,0.995,0.544,0.008,0.0001,-1.0,-1.0,0.0,0.0,0.546,0.853,0.012,0.0003,0.484,0.853,0.05,0.006,0.477,0.853,0.02,0.0001,0.179,0.051,0.369,0.059,0.099,0.029,0.013,0.0,-1.0,-1.0,0.0,0.0,0
713,1426,23.7667,0.4988,0.0995,"112,133,134",0.027,0.2985,0.0,-0.0001,0.537,0.439,0.532,0.0,-1.0,-1.0,0.0,0.0,-1.0,-1.0,0.0,0.0001,-1.0,-1.0,0.0,0.0,0.547,0.853,0.011,0.0002,0.494,0.854,0.061,0.006,0.477,0.853,0.019,0.0001,0.071,0.029,0.104,0.008,0.099,0.029,0.013,0.0,-1.0,-1.0,0.0,0.0,0
714,1428,23.8,0.4987,0.0995,"112,133,134",0.0259,0.2983,-0.0,-0.0001,0.537,0.439,0.532,0.0,-1.0,-1.0,0.0,0.0,-1.0,-1.0,0.0,0.0001,-1.0,-1.0,0.0,0.0,0.546,0.853,0.012,0.0002,0.486,0.853,0.049,0.006,0.477,0.853,0.019,0.0001,0.178,0.049,0.367,0.054,0.099,0.029,0.013,0.0,-1.0,-1.0,0.0,0.0,0
715,1430,23.8333,0.499,0.0995,"113,132,134",0.0364,0.2986,-0.0001,-0.0,0.537,0.439,0.533,0.0001,-1.0,-1.0,0.0,0.0,0.994,0.542,0.011,0.0001,-1.0,-1.0,0.0,0.0,0.54,0.852,0.017,0.0003,0.492,0.853,0.062,0.006,0.476,0.852,0.019,0.0001,0.176,0.046,0.361,0.046,0.099,0.029,0.013,0.0,-1.0,-1.0,0.0,0.0,0
716,1432,23.8667,0.4988,0.0995,"112,133,134",0.0452,0.2983,-0.0,-0.0001,0.537,0.439,0.533,0.0,-1.0,-1.0,0.0,0.0,0.994,0.533,0.009,0.0001,-1.0,-1.0,0.0,0.0,0.547,0.853,0.011,0.0003,0.489,0.853,0.061,0.006,0.476,0.852,0.019,0.0001,0.179,0.048,0.406,0.059,0.099,0.029,0.013,0.0,-1.0,-1.0,0.0,0.0,0
717,1434,23.9,0.499,0.0995,"113,133,134",0.0347,0.2985,-0.0,-0.0001,0.537,0.439,0.533,0.0,-1.0,-1.0,0.0,0.0,-1.0,-1.0,0.0,0.0001,-1.0,-1.0,0.0,0.0,0.54,0.852,0.017,0.0003,0.487,0.853,0.061,0.006,0.474,0.852,0.02,0.0001,0.071,0.029,0.104,0.008,0.099,0.029,0.013,0.0,-1.0,-1.0,0.0,0.0,0
718,1436,23.9333,0.4988,0.0995,"112,133,134",0.0298,0.2983,-0.0,-0.0001,0.537,0.439,0.533,0.0,-1.0,-1.0,0.0,0.0,-1.0,-1.0,0.0,0.0001,-1.0,-1.0,0.0,0.0,0.546,0.853,0.012,0.0003,0.49,0.853,0.062,0.006,0.477,0.853,0.02,0.0001,0.058,0.03,0.084,0.008,0.099,0.029,0.013,0.0,-1.0,-1.0,0.0,0.0,0
719,1438,23.9667,0.499,0.0995,"113,133,134",0.0848,0.2986,-0.0001,-0.0001,0.537,0.439,0.533,0.0,-1.0,-1.0,0.0,0.0,-1.0,-1.0,0.0,0.0001,-1.0,-1.0,0.0,0.0,0.54,0.851,0.016,0.0003,0.489,0.853,0.064,0.006,0.474,0.853,0.02,0.0001,0.071,0.029,0.104,0.008,0.099,0.029,0.013,0.0,-1.0,-1.0,0.0,0.0,0
720,1440,24.0,0.4988,0.0997,"112,133,134",0.0832,0.2982,-0.0,-0.0,0.537,0.439,0.533,0.0,-1.0,-1.0,0.0,0.0,0.712,0.311,0.009,0.0,-1.0,-1.0,0.0,0.0,0.547,0.853,0.011,0.0003,0.493,0.853,0.061,0.006,0.476,0.853,0.019,0.0001,0.058,0.03,0.084,0.008,0.099,0.029,0.013,0.0,-1.0,-1.0,0.0,0.0,0
721,1442,24.0333,0.499,0.0997,"113,133,134",0.0347,0.2986,-0.0001,-0.0001,0.537,0.439,0.533,0.0,-1.0,-1.0,0.0,0.0,0.712,0.311,0.009,0.0001,-1.0,-1.0,0.0,0.0,0.539,0.852,0.017,0.0002,0.487,0.853,0.049,0.006,0.477,0.853,0.019,0.0001,0.071,0.029,0.104,0.008,0.099,0.029,0.013,0.0,-1.0,-1.0,0.0,0.0,0
722,1444,24.0667,0.4989,0.0997,"112,133,134",0.0413,0.2983,-0.0,0.0,0.537,0.439,0.533,0.0,-1.0,-1.0,0.0,0.0,-1.0,-1.0,0.0,0.0001,-1.0,-1.0,0.0,0.0,0.547,0.853,0.011,0.0003,0.487,0.853,0.058,0.006,0.476,0.852,0.019,0.0001,0.173,0.042,0.355,0.037,0.099,0.029,0.013,0.0,-1.0,-1.0,0.0,0.0,0
723,1446,24.1,0.4991,0.0997,"113,133,134",0.0355,0.2986,-0.0001,-0.0,0.537,0.439,0.533,0.0,-1.0,-1.0,0.0,0.0,0.712,0.311,0.009,0.0001,-1.0,-1.0,0.0,0.0,0.547,0.853,0.011,0.0003,0.483,0.853,0.054,0.006,0.474,0.852,0.02,0.0002,0.263,0.097,0.888,0.187,0.099,0.029,0.013,0.0,-1.0,-1.0,0.0,0.0,0
724,1448,24.1333,0.499,0.0997,"112,133,134",0.0336,0.2983,-0.0,-0.0001,0.537,0.439,0.533,0.0,-1.0,-1.0,0.0,0.0,0.995,0.539,0.008,0.0001,-1.0,-1.0,0.0,0.0,0.547,0.853,0.011,0.0003,0.486,0.853,0.057,0.006,0.474,0.852,0.02,0.0001,0.173,0.042,0.355,0.037,0.099,0.029,0.013,0.0,-1.0,-1.0,0.0,0.0,0
